Filename,SSp-ll,SSp-tr,VISC,AUDpo,VISal,VISam,VISl,VISp,VISpl,VISpm,VISli,VISpor,ACAd,ACAv,PL,ILA,ORB,VISrl,TEa,AId,AIp,AIv,RSPagl,RSPd,RSPv,PTLp,PERI,ECT,TT,DP,PIR,NLOT,COA,PAA,TR,HPF,FC,ENTl,ENTm,PAR,POST,PRE,SUB,ProS,CLA,EP,LA,BMA,ACB,FS,LSc,LSr,LSv,SH,sAMY,MEA,GPe,GPi,SI,MA,NDB,SPF,PP,MG,SGN,AM,AD,MD,PT,RE,RH,PCN,SubG,SO,ASO,PVH,ARH,ADP,AHA,MEPO,PS,SCH,VMH,TU,ZI,VTA,RN,SOC,TRN,LDT,CN,PARN,RPA,DN,PVT,BLA,DMH,ENT,FRP,HY,LHA,LS,MPO,MPN,MBmot,NTS,PB,PeF,PH,SSp,RSP,MOs,SFO,TH,VAL,VP,LGd,LP,PO,POL,VM,VPL,VPM,AV,IAM,IAD,LD,IMD,MTN,CL,PF,Xi,ILM,CM,GENd,GENv,VPLpc,VPMpc,LGd-sh,LGd-co,LGd-ip,LGv,IntG,SPFm,SPFp,SPA,ATN,APN,NOT,OP,PPT,RPF,CUN,III,IV,XII,I5,IF,IPR,PRC,VTN,VI
0378GFP-S6-01_0001.nd2_(RGB).png,0.3,0.3,0.3,488.1417679501584,394.76340456281616,0.3,209.0259587810194,72.6557870738561,0.3,286.0630984609402,86.87906423473434,0.3,0.3,0.3,0.3,0.3,0.3,0.3,41.4879970422684,0.3,0.3,0.3,36.51269312671235,22.77089672660212,19.90835799879307,0.3,270.1907346979136,149.77453450164293,0.3,0.3,0.3,0.3,13.361666419413964,0.3,183.2605174956429,19.3,0.3,107.27466146700895,0.3,0.3,0.3,0.3,0.3,33.110475194441435,0.3,0.3,0.3,0.3,0.3,0.3,0.3,0.3,0.3,0.3,0.3,0.3,0.3,0.3,0.3,0.3,0.3,0.3,0.3,61.25279037048616,0.3,0.3,0.3,0.3,0.3,0.3,0.3,0.3,0.3,0.3,0.3,0.3,0.3,0.3,0,0.3,0.3,0.3,0.3,0.3,0.3,199.7814544125708,108.5173938901334,0.3,0.3,0.3,0.3,0.3,0.3,0.3,0.3,0.3,0.3,60.106271988868784,0.3,0.3,0.3,0.3,0.3,0.3,38.34961468843067,0.3,0.3,0.3,0.3,0.3,24.667403055963504,0.3,0.3,4.506488034325027,0.3,0.3,0.3,0.3,0.3,207.87510076811927,0.3,0.3,0.3,0.3,0.3,0.3,0.3,0.3,0.3,0.3,0.3,0.3,0.3,0.3,30.291813636613377,0.3,0.3,0.3,0.3,0.3,0.3,0.3,0.3,0.3,0.3,0.3,0.3,0.3,0.3,0.3,0.3,0.3,0.3,0.3,0.3,0.3,0.3,0.3,534.221165884194,0.3,0.3,0
0378GFP-S7-06_0001.nd2_(RGB).png,0.3,0.3,0.3,0.3,0.3,0.3,0.3,0.3,0.3,0.3,0.3,0.3,0.3,0.3,0.3,0.3,0.3,0.3,0.3,0.3,0.3,0.3,0.3,0.3,0.3,0.3,0.3,0.3,0.3,0.3,0.3,0.3,0.3,0.3,0.3,7.3,0.3,0.3,0.3,0.3,0.3,0.3,0.3,0.3,0.3,0.3,0.3,0.3,0.3,0.3,0.3,0.3,0.3,0.3,21.37152369519148,21.332310513824243,0.3,0.3,0.3,0.3,0.3,0.3,0.3,0.3,0.3,0.3,0.3,619.2267330324951,0.3,0.3,0.3,179.18353650543978,0.3,0.3,0.3,0.3,0.3,0.3,0,0.3,0.3,0.3,155.51652591771162,326.1991044776119,95.03400147511825,0.3,0.3,0.3,0.3,0.3,0.3,0.3,0.3,0.3,192.30879352796345,0.3,113.7038972910088,0.3,0.3,50.81574514114383,41.476812250132,0.3,0.3,0.3,0.3,0.3,0.3,0.3,120.93401913769864,0.3,0.3,0.3,0.3,137.0108611155634,0.3,286.1567097538792,0.3,0.3,238.7057274769154,0.3,92.35568390697988,48.94295770882714,285.52595998555984,0.3,0.3,0.3,0.3,3148.68198757764,72.22960957162246,236.18324258923167,610.0282591351523,0.3,239.28126258646355,171.04788864560527,0.3,0.3,0.3,1592.2539224263633,0.3,0.3,0.3,0.3,0.3,0.3,0.3,0.3,0.3,0.3,0.3,0.3,0.3,0.3,0.3,0.3,0.3,0.3,0.3,0.3,0.3,0.3,0.3,0
0378GFP-S1-10_0001.nd2_(RGB).png,0.3,0.3,0.3,0.3,0.3,0.3,0.3,0.3,0.3,0.3,0.3,0.3,0.3,0.3,88.84402538166577,50.87919315086262,152.04601556708676,0.3,0.3,34.63415378680509,0.3,74.00130513051305,0.3,0.3,0.3,0.3,0.3,0.3,29.82910819963,0.3,11.362135741324666,0.3,0.3,0.3,0.3,0.3,0.3,0.3,0.3,0.3,0.3,0.3,0.3,0.3,0.3,0.3,0.3,0.3,0.3,0.3,0.3,0.3,0.3,0.3,0.3,0.3,0.3,0.3,0.3,0.3,0.3,0.3,0.3,0.3,0.3,0.3,0.3,0.3,0.3,0.3,0.3,0.3,0.3,0.3,0.3,0.3,0.3,0.3,0,0.3,0.3,0.3,0.3,0.3,0.3,0.3,0.3,0.3,0.3,0.3,0.3,0.3,0.3,0.3,0.3,0.3,0.3,0.3,0.3,0.3,0.3,0.3,0.3,0.3,0.3,0.3,0.3,0.3,0.3,0.3,0.3,3.554413493617336,0.3,0.3,0.3,0.3,0.3,0.3,0.3,0.3,0.3,0.3,0.3,0.3,0.3,0.3,0.3,0.3,0.3,0.3,0.3,0.3,0.3,0.3,0.3,0.3,0.3,0.3,0.3,0.3,0.3,0.3,0.3,0.3,0.3,0.3,0.3,0.3,0.3,0.3,0.3,0.3,0.3,0.3,0.3,0.3,0.3,0.3,0.3,0.3,0.3,0
0378GFP-S4-02_0001.nd2_(RGB).png,0.3,0.3,0.3,0.3,0.3,54.23974427382858,0.3,0.3,0.3,0.3,0.3,0.3,0.3,0.3,0.3,0.3,0.3,126.22410611303346,96.4053264319596,0.3,0.3,0.3,0.3,11.53544836330106,19.90835799879307,104.57127903422985,54.27814693958271,149.77453450164293,0.3,0.3,37.17378580441554,0.3,130.91666419413966,36.10017051416579,0.3,0.3,0.3,0.3,0.3,0.3,0.3,0.3,0.3,0.3,0.3,61.44463971683636,51.14584575260805,115.1401144443977,0.3,0.3,0.3,0.3,0.3,0.3,105.6576184759574,189.5907946244182,0.3,0.3,0.3,0.3,0.3,209.51393530584087,0.3,0.3,0.3,0.3,0.3,0.3,0.3,0.3,0.3,0.3,0.3,0.3,0.3,0.3,0.3,0.3,0,0.3,0.3,0.3,0.3,0.3,95.03400147511825,0.3,0.3,0.3,0.3,0.3,0.3,0.3,0.3,0.3,0.3,202.2902888671441,567.319486455044,0.3,0.3,118.17007199600228,103.24203062533002,0.3,0.3,0.3,0.3,0.3,0.3,0.3,1146.323181808137,7.31749356589526,12.483701527981752,0.3,0.3,33.95190427460022,0.3,45.43526996113882,0.3,212.8346190284609,0.3,0.3,276.46705172093965,0.3,0.3,0.3,0.3,0.3,0.3,0.3,0.3,0.3,0.3,0.3,0.3,0.3,0.3,0.3,0.3,597.2827209098862,0.3,0.3,0.3,0.3,0.3,613.78730051697,0.3,0.3,0.3,0.3,0.3,0.3,0.3,0.3,0.3,0.3,0.3,0.3,0.3,0.3,0.3,0.3,0.3,0
0378GFP-S3-03_0001.nd2_(RGB).png,0.3,0.3,0.3,0.3,0.3,0.3,0.3,0.3,0.3,0.3,0.3,0.3,27.55235389853524,0.3,0.3,0.3,0.3,0.3,0.3,0.3,17.813137716635975,0.3,0.3,0.3,0.3,0.3,0.3,0.3,0.3,0.3,0.3,0.3,0.3,0.3,0.3,0.3,0.3,0.3,0.3,0.3,0.3,0.3,0.3,0.3,464.4450556925432,30.872319858418184,0.3,0.3,9.996311401155996,0.3,0.3,22.972678035935303,0.3,0.3,0.3,0.3,0.3,0.3,14.38492532846188,0.3,0.3,0.3,0.3,0.3,0.3,0.3,0.3,0.3,0.3,0.3,0.3,0.3,0.3,0.3,0.3,0.3,0.3,0.3,0,0.3,0.3,0.3,0.3,0.3,0.3,0.3,0.3,0.3,0.3,0.3,0.3,0.3,0.3,0.3,0.3,0.3,0.3,0.3,0.3,0.3,0.3,14.276378355958157,0.3,0.3,0.3,0.3,0.3,0.3,0.3,28.36997426358104,0.3,13.317653974469346,0.3,0.3,0.3,0.3,0.3,0.3,0.3,0.3,0.3,0.3,0.3,0.3,0.3,0.3,0.3,0.3,0.3,0.3,0.3,0.3,0.3,0.3,0.3,0.3,0.3,0.3,0.3,0.3,0.3,0.3,0.3,0.3,0.3,0.3,0.3,0.3,0.3,0.3,0.3,0.3,0.3,0.3,0.3,0.3,0.3,0.3,0.3,0.3,0.3,0
0378GFP-S2-04_0001.nd2_(RGB).png,0.3,0.3,0.3,0.3,0.3,0.3,0.3,0.3,0.3,0.3,0.3,0.3,27.55235389853524,53.38646097391777,0.3,0.3,0.3,0.3,0.3,46.07887171574012,0.3,49.43420342034203,0.3,0.3,0.3,0.3,0.3,0.3,0.3,0.3,0.3,0.3,0.3,0.3,0.3,0.3,0.3,0.3,0.3,0.3,0.3,0.3,0.3,0.3,309.73003712836214,46.15847978762727,0.3,0.3,29.388934203467983,0.3,0.3,0.3,0.3,0.3,0.3,0.3,0.3,0.3,14.38492532846188,0.3,0.3,0.3,0.3,0.3,0.3,0.3,0.3,0.3,0.3,0.3,0.3,0.3,0.3,0.3,0.3,0.3,0.3,0.3,0,0.3,0.3,0.3,0.3,0.3,0.3,0.3,0.3,0.3,0.3,0.3,0.3,0.3,0.3,0.3,0.3,0.3,0.3,0.3,0.3,0.3,0.3,0.3,0.3,0.3,0.3,0.3,0.3,0.3,0.3,49.422454961266816,0.3,36.098548429790696,0.3,0.3,0.3,0.3,0.3,0.3,0.3,0.3,0.3,0.3,0.3,0.3,0.3,0.3,0.3,0.3,0.3,0.3,0.3,0.3,0.3,0.3,0.3,0.3,0.3,0.3,0.3,0.3,0.3,0.3,0.3,0.3,0.3,0.3,0.3,0.3,0.3,0.3,0.3,0.3,0.3,0.3,0.3,0.3,0.3,0.3,0.3,0.3,0.3,0
0378GFP-S5-06_0001.nd2_(RGB).png,0.3,0.3,0.3,488.1417679501584,507.46723443790654,0.3,0.3,126.92262737924818,0.3,286.0630984609402,0.3,0.3,0.3,0.3,0.3,0.3,0.3,126.22410611303346,82.6759940845368,0.3,0.3,0.3,0.3,45.24179345320424,98.34178999396536,52.43563951711492,216.21258775833087,149.77453450164293,0.3,0.3,7.67475716088311,0.3,26.42333283882793,0.3,518.6881329043214,18.3,0.3,53.78733073350448,0.3,0.3,0.3,0.3,20.57352947730429,0.3,0.3,30.872319858418184,0.3,0.3,0.3,0.3,0.3,0.3,0.3,0.3,0.3,0.3,0.3,0.3,0.3,0.3,0.3,418.72787061168174,0.3,0.3,0.3,0.3,0.3,0.3,0.3,0.3,0.3,0.3,0.3,0.3,0.3,0.3,0.3,0.3,0,0.3,0.3,0.3,0.3,0.3,0.3,299.5221816188562,0.3,0.3,0.3,0.3,0.3,0.3,0.3,0.3,0.3,45.18673085936536,0.3,30.2031359944344,0.3,14.332151428095507,0.3,0.3,0.3,0.3,80.40445197564352,0.3,0.3,0.3,0.3,0.3,49.03480611192701,0.3,0.3,17.12595213730011,0.3,0.3,0.3,0.3,0.3,0.3,0.3,0.3,0.3,0.3,0.3,0.3,0.3,0.3,0.3,0.3,0.3,0.3,79.9604208621545,0.3,0.3,0.3,0.3,0.3,0.3,0.3,0.3,0.3,0.3,0.3,635.2668489007793,0.3,0.3,0.3,0.3,0.3,0.3,0.3,0.3,0.3,0.3,0.3,0.3,0.3,534.221165884194,0.3,0.3,0
0378GFP-S4-01_0001.nd2_(RGB).png,127.19426493540996,30.74613874418553,90.90626481386808,0.3,0.3,0.3,0.3,0.3,0.3,0.3,0.3,0.3,0.3,17.995486991305928,0.3,0.3,0.3,0.3,0.3,0.3,157.9182394497238,0.3,0.3,0.3,10.104178999396536,0.3,0.3,0.3,0.3,0.3,74.04757160883109,0.3,13.361666419413964,0.3,0.3,0.3,0.3,0.3,0.3,0.3,0.3,0.3,0.3,0.3,77.65750928209053,92.01695957525456,0.3,86.43008583329826,0.3,0.3,0.3,0.3,0.3,0.3,0.3,0.3,0.3,0.3,0.3,0.3,0.3,0.3,0.3,0.3,0.3,623.2384913842291,266.6353825136612,0.3,0.3,0.3,0.3,0.3,0.3,0.3,0.3,452.3379264657171,0.3,0.3,0,0.3,0.3,0.3,0.3,0.3,0.3,0.3,0.3,0.3,0.3,0.3,0.3,0.3,0.3,0.3,0.3,0.3,0.3,0.3,0.3,8.719290856857306,20.888406125066,0.3,0.3,0.3,0.3,0.3,0.3,0.3,0.3,37.14184122095011,4.361233842660584,6.8088269872346725,0.3,36.05514829176273,0.3,0.3,0.3,0.3,0.3,0.3,0.3,0.3,0.3,615.446495379761,0.3,378.0723183391003,42.27986680406663,0.3,0.3,0.3,0.3,0.3,0.3,0.3,0.3,0.3,0.3,0.3,0.3,0.3,0.3,0.3,0.3,0.3,0.3,0.3,276.90952780814087,0.3,0.3,0.3,0.3,0.3,0.3,0.3,0.3,0.3,0.3,0.3,0.3,0.3,0.3,0
0378GFP-S7-05_0001.nd2_(RGB).png,0.3,0.3,0.3,0.3,0.3,0.3,0.3,0.3,0.3,0.3,0.3,0.3,0.3,0.3,0.3,0.3,0.3,0.3,0.3,0.3,0.3,0.3,0.3,0.3,0.3,0.3,0.3,0.3,0.3,0.3,0.3,0.3,0.3,0.3,0.3,9.3,0.3,0.3,0.3,0.3,158.19685294457946,0.3,20.57352947730429,0.3,0.3,0.3,0.3,0.3,0.3,0.3,0.3,0.3,0.3,0.3,0.3,0.3,0.3,0.3,0.3,0.3,0.3,0.3,0.3,0.3,0.3,0.3,0.3,0.3,0.3,0.3,0.3,0.3,0.3,0.3,0.3,0.3,0.3,0.3,0,0.3,0.3,0.3,0.3,0.3,0.3,0.3,108.5173938901334,0.3,0.3,0.3,0.3,0.3,0.3,0.3,0.3,0.3,0.3,0.3,0.3,0.3,0.3,0.3,0.3,0.3,56.373116382950464,0.3,0.3,0.3,0.3,0.3,0.3,0.3,0.3,0.3,0.3,0.3,0.3,0.3,0.3,0.3,0.3,0.3,0.3,0.3,0.3,0.3,0.3,0.3,0.3,0.3,0.3,0.3,0.3,0.3,0.3,0.3,0.3,0.3,0.3,0.3,0.3,0.3,0.3,0.3,0.3,0.3,0.3,0.3,0.3,0.3,0.3,0.3,0.3,0.3,0.3,0.3,0.3,0.3,0.3,0.3,0.3,0
0378GFP-S1-13_0001.nd2_(RGB).png,0.3,0.3,0.3,0.3,0.3,0.3,0.3,0.3,0.3,0.3,0.3,0.3,13.92617694926762,35.69097398261185,0.3,0.3,0.3,0.3,0.3,11.744717928935032,0.3,0.3,0.3,0.3,0.3,0.3,0.3,0.3,0.3,0.3,0.3,0.3,0.3,0.3,0.3,0.3,0.3,0.3,0.3,0.3,0.3,0.3,0.3,0.3,0.3,0.3,0.3,0.3,97.26311401155996,0.3,0.3,90.99071214374122,0.3,0.3,0.3,0.3,0.3,0.3,0.3,0.3,58.02853214890016,0.3,0.3,0.3,0.3,0.3,0.3,0.3,0.3,0.3,0.3,0.3,0.3,0.3,0.3,0.3,0.3,0.3,0,0.3,0.3,0.3,0.3,0.3,0.3,0.3,0.3,0.3,0.3,0.3,0.3,0.3,0.3,0.3,0.3,0.3,0.3,0.3,0.3,0.3,0.3,56.20551342383261,0.3,0.3,0.3,0.3,0.3,0.3,0.3,0.3,0.3,13.317653974469346,0.3,0.3,0.3,0.3,0.3,0.3,0.3,0.3,0.3,0.3,0.3,0.3,0.3,0.3,0.3,0.3,0.3,0.3,0.3,0.3,0.3,0.3,0.3,0.3,0.3,0.3,0.3,0.3,0.3,0.3,0.3,0.3,0.3,0.3,0.3,0.3,0.3,0.3,0.3,0.3,0.3,0.3,0.3,0.3,0.3,0.3,0.3,0.3,0.3,0
0378GFP-S7-15_0001.nd2_(RGB).png,0.3,0.3,0.3,0.3,0.3,0.3,0.3,0.3,0.3,0.3,0.3,0.3,0.3,0.3,0.3,0.3,0.3,0.3,0.3,0.3,0.3,0.3,0.3,0.3,0.3,0.3,0.3,0.3,0.3,0.3,0.3,0.3,0.3,0.3,0.3,0.3,0.3,0.3,0.3,0.3,0.3,0.3,0.3,0.3,0.3,0.3,0.3,0.3,0.3,0.3,0.3,0.3,0.3,0.3,0.3,0.3,0.3,0.3,0.3,0.3,0.3,0.3,0.3,0.3,0.3,0.3,0.3,0.3,0.3,0.3,0.3,0.3,0.3,0.3,0.3,0.3,0.3,0.3,0,0.3,0.3,0.3,0.3,0.3,0.3,0.3,0.3,0.3,0.3,0.3,0.3,152.10755727048357,0.3,0.3,0.3,0.3,0.3,0.3,0.3,0.3,0.3,0.3,0.3,0.3,0.3,0.3,0.3,0.3,0.3,0.3,0.3,0.3,0.3,0.3,0.3,0.3,0.3,0.3,0.3,0.3,0.3,0.3,0.3,0.3,0.3,0.3,0.3,0.3,0.3,0.3,0.3,0.3,0.3,0.3,0.3,0.3,0.3,0.3,0.3,0.3,0.3,0.3,0.3,0.3,0.3,0.3,0.3,0.3,0.3,0.3,0.3,0.3,0.3,0.3,0.3,0.3,0.3,0.3,0.3,0.3,0.3,0
0378GFP-S6-02_0001.nd2_(RGB).png,0.3,0.3,0.3,0.3,0.3,0.3,522.1148969525484,434.4347224431367,323.02007094295004,0.3,0.3,1163.941817406663,0.3,0.3,0.3,0.3,0.3,0.3,0.3,0.3,0.3,0.3,72.7253862534247,11.53544836330106,0.3,0.3,0.3,0.3,0.3,0.3,0.3,0.3,0.3,0.3,0.3,65.3,0.3,274.42257000921046,135.9365093317017,91.75267213938685,0.3,0.3,0.3,0.3,0.3,0.3,0.3,0.3,0.3,0.3,0.3,0.3,0.3,0.3,0.3,0.3,0.3,0.3,0.3,0.3,0.3,0.3,0.3,0.3,0.3,0.3,0.3,0.3,0.3,0.3,0.3,0.3,0.3,0.3,0.3,0.3,0.3,0.3,0,0.3,0.3,0.3,0.3,0.3,0.3,0.3,0.3,47.74068621486799,0.3,0.3,0.3,0.3,0.3,0.3,0.3,0.3,0.3,213.35984396034507,0.3,0.3,0.3,0.3,0.3,0.3,62.38095028112373,0.3,0.3,0.3,0.3,0.3,20.60616921330292,0.3,0.3,0.3,0.3,0.3,0.3,0.3,0.3,0.3,0.3,0.3,0.3,0.3,0.3,0.3,0.3,0.3,0.3,0.3,0.3,0.3,0.3,0.3,0.3,0.3,0.3,0.3,0.3,0.3,0.3,0.3,0.3,0.3,0.3,0.3,0.3,0.3,0.3,0.3,0.3,0.3,0.3,0.3,0.3,0.3,0.3,0.3,0.3,0.3,0.3,0
0378GFP-S1-03_0001.nd2_(RGB).png,0.3,0.3,0.3,0.3,0.3,0.3,0.3,0.3,0.3,0.3,0.3,0.3,0.3,0.3,0.3,0.3,0.3,0.3,0.3,0.3,0.3,0.3,0.3,0.3,0.3,0.3,0.3,0.3,0.3,0.3,0.3,0.3,0.3,0.3,0.3,1.3,0.3,0.3,0.3,46.02633606969341,0.3,0.3,0.3,0.3,0.3,0.3,0.3,0.3,0.3,0.3,0.3,0.3,0.3,0.3,0.3,0.3,0.3,0.3,0.3,0.3,0.3,0.3,0.3,0.3,0.3,0.3,0.3,0.3,0.3,0.3,0.3,0.3,0.3,0.3,0.3,0.3,0.3,0.3,0,0.3,0.3,0.3,0.3,0.3,0.3,0.3,0.3,142.62205864460398,0.3,418.4714417036924,0.3,0.3,0.3,0.3,0.3,0.3,0.3,0.3,0.3,0.3,0.3,0.3,0.3,0.3,56.373116382950464,0.3,76.36401359975476,0.3,0.3,0.3,0.3,0.3,0.3,0.3,0.3,0.3,0.3,0.3,0.3,0.3,0.3,0.3,0.3,0.3,0.3,0.3,0.3,0.3,0.3,0.3,0.3,0.3,0.3,0.3,0.3,0.3,0.3,0.3,0.3,0.3,0.3,0.3,0.3,0.3,0.3,0.3,0.3,0.3,0.3,0.3,0.3,0.3,155.0632683148106,0.3,0.3,0.3,0.3,0.3,0.3,0.3,1129.0861869313485,0
0378GFP-S7-03_0001.nd2_(RGB).png,0.3,0.3,0.3,0.3,0.3,0.3,0.3,0.3,0.3,0.3,0.3,0.3,0.3,0.3,0.3,0.3,0.3,0.3,0.3,0.3,0.3,0.3,0.3,0.3,0.3,0.3,0.3,0.3,0.3,0.3,0.3,0.3,0.3,0.3,0.3,0.3,0.3,0.3,0.3,0.3,0.3,0.3,0.3,0.3,0.3,0.3,0.3,0.3,0.3,0.3,0.3,0.3,0.3,0.3,0.3,0.3,0.3,0.3,0.3,0.3,0.3,0.3,0.3,0.3,0.3,0.3,0.3,0.3,0.3,0.3,0.3,0.3,0.3,0.3,0.3,0.3,0.3,0.3,0,0.3,0.3,0.3,0.3,0.3,0.3,0.3,0.3,0.3,0.3,0.3,0.3,95.1797232940522,0.3,0.3,0.3,0.3,0.3,0.3,0.3,0.3,0.3,0.3,0.3,0.3,0.3,100.73069507303973,0.3,0.3,0.3,0.3,0.3,0.3,0.3,0.3,0.3,0.3,0.3,0.3,0.3,0.3,0.3,0.3,0.3,0.3,0.3,0.3,0.3,0.3,0.3,0.3,0.3,0.3,0.3,0.3,0.3,0.3,0.3,0.3,0.3,0.3,0.3,0.3,0.3,0.3,0.3,0.3,0.3,0.3,0.3,0.3,0.3,0.3,0.3,0.3,0.3,0.3,0.3,0.3,0.3,0.3,0.3,0
0378GFP-S1-05_0001.nd2_(RGB).png,0.3,0.3,0.3,0.3,0.3,0.3,0.3,0.3,0.3,0.3,0.3,0.3,27.55235389853524,0.3,35.71761015266631,0.3,50.88200518902891,0.3,0.3,91.85774343148024,0.3,74.00130513051305,0.3,0.3,0.3,0.3,0.3,0.3,118.41643279852,0.3,0.3,0.3,0.3,0.3,0.3,0.3,0.3,0.3,0.3,0.3,0.3,0.3,0.3,0.3,0.3,0.3,0.3,0.3,0.3,0.3,0.3,0.3,0.3,0.3,0.3,0.3,0.3,0.3,0.3,0.3,0.3,0.3,0.3,0.3,0.3,0.3,0.3,0.3,0.3,0.3,0.3,0.3,0.3,0.3,0.3,0.3,0.3,0.3,0,0.3,0.3,0.3,0.3,0.3,0.3,0.3,0.3,0.3,0.3,0.3,0.3,0.3,0.3,0.3,0.3,0.3,0.3,0.3,44.16206951966189,0.3,0.3,0.3,0.3,0.3,0.3,0.3,0.3,0.3,0.3,0.3,0.3,91.4235778212854,0.3,0.3,0.3,0.3,0.3,0.3,0.3,0.3,0.3,0.3,0.3,0.3,0.3,0.3,0.3,0.3,0.3,0.3,0.3,0.3,0.3,0.3,0.3,0.3,0.3,0.3,0.3,0.3,0.3,0.3,0.3,0.3,0.3,0.3,0.3,0.3,0.3,0.3,0.3,0.3,0.3,0.3,0.3,0.3,0.3,0.3,0.3,0.3,0.3,0
0378GFP-S1-08_0001.nd2_(RGB).png,0.3,0.3,0.3,0.3,0.3,0.3,0.3,0.3,0.3,0.3,0.3,0.3,0.3,0.3,0.3,0.3,0.3,0.3,0.3,0.3,0.3,0.3,0.3,0.3,0.3,0.3,0.3,0.3,0.3,0.3,0.3,0.3,0.3,0.3,0.3,0.3,0.3,0.3,0.3,0.3,0.3,0.3,0.3,0.3,0.3,0.3,0.3,0.3,0.3,0.3,0.3,0.3,0.3,0.3,0.3,0.3,0.3,0.3,0.3,0.3,0.3,0.3,0.3,0.3,0.3,0.3,0.3,0.3,0.3,0.3,0.3,0.3,0.3,0.3,0.3,0.3,0.3,0.3,0,0.3,0.3,0.3,0.3,0.3,0.3,0.3,0.3,0.3,0.3,0.3,0.3,303.9151145409671,0.3,0.3,0.3,0.3,0.3,0.3,0.3,0.3,0.3,0.3,0.3,0.3,0.3,0.3,152.42802719950953,0.3,0.3,0.3,0.3,0.3,0.3,0.3,0.3,0.3,0.3,0.3,0.3,0.3,0.3,0.3,0.3,0.3,0.3,0.3,0.3,0.3,0.3,0.3,0.3,0.3,0.3,0.3,0.3,0.3,0.3,0.3,0.3,0.3,0.3,0.3,0.3,0.3,0.3,0.3,0.3,0.3,0.3,0.3,0.3,0.3,0.3,0.3,0.3,0.3,0.3,0.3,0.3,0.3,0.3,0
0378GFP-S7-13_0001.nd2_(RGB).png,0.3,0.3,0.3,0.3,0.3,0.3,0.3,0.3,0.3,0.3,0.3,0.3,0.3,0.3,0.3,0.3,0.3,0.3,0.3,0.3,0.3,0.3,0.3,0.3,0.3,0.3,0.3,0.3,0.3,0.3,0.3,0.3,0.3,0.3,0.3,0.3,0.3,0.3,0.3,0.3,0.3,0.3,0.3,0.3,0.3,0.3,0.3,0.3,0.3,0.3,0.3,0.3,0.3,0.3,0.3,0.3,0.3,0.3,0.3,0.3,0.3,0.3,0.3,0.3,0.3,0.3,0.3,0.3,0.3,0.3,0.3,0.3,0.3,0.3,0.3,0.3,0.3,0.3,0,0.3,0.3,0.3,0.3,0.3,0.3,0.3,0.3,0.3,0.3,0.3,0.3,114.15566795286266,0.3,127.19005113900512,0.3,0.3,0.3,0.3,0.3,0.3,0.3,0.3,0.3,0.3,0.3,0.3,0.3,0.3,0.3,0.3,0.3,0.3,0.3,0.3,0.3,0.3,0.3,0.3,0.3,0.3,0.3,0.3,0.3,0.3,0.3,0.3,0.3,0.3,0.3,0.3,0.3,0.3,0.3,0.3,0.3,0.3,0.3,0.3,0.3,0.3,0.3,0.3,0.3,0.3,0.3,0.3,0.3,0.3,0.3,0.3,0.3,0.3,0.3,0.3,0.3,0.3,0.3,0.3,0.3,0.3,0.3,0
0378GFP-S6-04_0001.nd2_(RGB).png,0.3,0.3,0.3,0.3,0.3,0.3,0.3,0.3,0.3,0.3,0.3,0.3,0.3,0.3,0.3,0.3,0.3,0.3,0.3,0.3,0.3,0.3,0.3,0.3,0.3,0.3,0.3,0.3,0.3,0.3,0.3,0.3,0.3,0.3,0.3,11.3,0.3,0.3,0.3,0.3,0.3,0.3,0.3,33.110475194441435,0.3,0.3,0.3,0.3,0.3,0.3,0.3,0.3,0.3,0.3,0.3,0.3,0.3,0.3,0.3,0.3,0.3,0.3,0.3,0.3,0.3,0.3,0.3,0.3,0.3,0.3,0.3,0.3,0.3,0.3,0.3,0.3,0.3,0.3,0,0.3,0.3,0.3,0.3,0.3,0.3,299.5221816188562,595.4956663957337,0.3,0.3,0.3,0.3,0.3,0.3,0.3,0.3,0.3,0.3,0.3,0.3,0.3,0.3,0.3,0.3,0.3,62.38095028112373,0.3,0.3,0.3,0.3,0.3,0.3,0.3,0.3,6.609732051487541,0.3,0.3,0.3,0.3,0.3,207.87510076811927,0.3,0.3,0.3,0.3,0.3,0.3,0.3,0.3,0.3,0.3,0.3,0.3,53.406947241436335,0.3,0.3,0.3,0.3,0.3,0.3,0.3,0.3,0.3,0.3,0.3,0.3,0.3,0.3,0.3,0.3,0.3,0.3,0.3,0.3,0.3,0.3,0.3,0.3,0.3,1068.142331768388,0.3,0.3,0
0378GFP-S2-01_0001.nd2_(RGB).png,0.3,0.3,0.3,0.3,0.3,0.3,0.3,0.3,0.3,0.3,0.3,0.3,0.3,0.3,71.13522030533262,0.3,79.7860081541883,0.3,0.3,34.63415378680509,0.3,0.3,0.3,0.3,0.3,0.3,0.3,0.3,0.3,0.3,0.3,0.3,0.3,0.3,0.3,0.3,0.3,0.3,0.3,0.3,0.3,0.3,0.3,0.3,0.3,0.3,0.3,0.3,0.3,0.3,0.3,0.3,0.3,0.3,0.3,0.3,0.3,0.3,0.3,0.3,0.3,0.3,0.3,0.3,0.3,0.3,0.3,0.3,0.3,0.3,0.3,0.3,0.3,0.3,0.3,0.3,0.3,0.3,0,0.3,0.3,0.3,0.3,0.3,0.3,0.3,0.3,0.3,0.3,0.3,0.3,0.3,0.3,0.3,0.3,0.3,0.3,0.3,351.1965561572951,0.3,0.3,0.3,0.3,0.3,0.3,0.3,0.3,0.3,0.3,0.3,0.3,55.62502939149472,0.3,0.3,0.3,0.3,0.3,0.3,0.3,0.3,0.3,0.3,0.3,0.3,0.3,0.3,0.3,0.3,0.3,0.3,0.3,0.3,0.3,0.3,0.3,0.3,0.3,0.3,0.3,0.3,0.3,0.3,0.3,0.3,0.3,0.3,0.3,0.3,0.3,0.3,0.3,0.3,0.3,0.3,0.3,0.3,0.3,0.3,0.3,0.3,0.3,0
0378GFP-S3-06_0001.nd2_(RGB).png,0.3,0.3,0.3,0.3,0.3,0.3,0.3,0.3,0.3,0.3,0.3,0.3,82.05706169560573,0.3,53.42641522899946,0.3,0.3,0.3,0.3,103.30246136041528,0.3,123.13550855085508,0.3,0.3,0.3,0.3,0.3,0.3,88.88732459888999,0.3,7.67475716088311,0.3,0.3,0.3,0.3,0.3,0.3,0.3,0.3,0.3,0.3,0.3,0.3,0.3,0.3,0.3,0.3,0.3,0.3,0.3,0.3,0.3,0.3,0.3,0.3,0.3,0.3,0.3,0.3,0.3,0.3,0.3,0.3,0.3,0.3,0.3,0.3,0.3,0.3,0.3,0.3,0.3,0.3,0.3,0.3,0.3,0.3,0.3,0,0.3,0.3,0.3,0.3,0.3,0.3,0.3,0.3,0.3,0.3,0.3,0.3,0.3,0.3,0.3,0.3,0.3,0.3,0.3,0.3,0.3,0.3,0.3,0.3,0.3,0.3,0.3,0.3,0.3,0.3,0.3,0.3,55.62502939149472,0.3,0.3,0.3,0.3,0.3,0.3,0.3,0.3,0.3,0.3,0.3,0.3,0.3,0.3,0.3,0.3,0.3,0.3,0.3,0.3,0.3,0.3,0.3,0.3,0.3,0.3,0.3,0.3,0.3,0.3,0.3,0.3,0.3,0.3,0.3,0.3,0.3,0.3,0.3,0.3,0.3,0.3,0.3,0.3,0.3,0.3,0.3,0.3,0.3,0
0378GFP-S4-07_0001.nd2_(RGB).png,54.68325640088998,0.3,90.90626481386808,0.3,0.3,0.3,0.3,0.3,0.3,0.3,0.3,0.3,27.55235389853524,35.69097398261185,0.3,0.3,0.3,0.3,0.3,0.3,122.89196401645182,0.3,0.3,0.3,0.3,0.3,0.3,0.3,0.3,0.3,103.54660025236352,0.3,13.361666419413964,36.10017051416579,0.3,0.3,0.3,0.3,0.3,0.3,0.3,0.3,0.3,0.3,0.3,61.44463971683636,0.3,0.3,0.3,0.3,0.3,0.3,0.3,0.3,105.6576184759574,0.3,0.3,0.3,14.38492532846188,234.25234217631683,0.3,0.3,0.3,0.3,0.3,0.3,0.3,0.3,1113.8883312933494,0.3,0.3,0.3,0.3,0.3,0.3,0.3,0.3,0.3,0,0.3,0.3,0.3,0.3,0.3,0.3,0.3,0.3,0.3,0.3,0.3,0.3,0.3,0.3,0.3,768.3351741118536,0.3,0.3,0.3,0.3,3.1064302856191017,0.3,0.3,0.3,0.3,0.3,0.3,0.3,0.3,0.3,49.422454961266816,0.3,3.554413493617336,0.3,27.64217222311268,0.3,0.3,0.3,0.3,0.3,0.3,0.3,0.3,0.3,0.3,0.3,0.3,0.3,0.3,467.842462215546,0.3,0.3,0.3,0.3,0.3,0.3,0.3,0.3,0.3,0.3,0.3,0.3,0.3,0.3,0.3,0.3,0.3,0.3,0.3,0.3,0.3,0.3,0.3,0.3,0.3,0.3,0.3,0.3,0.3,0.3,0.3,0.3,0
0378GFP-S3-05_0001.nd2_(RGB).png,0.3,0.3,18.42125296277362,0.3,0.3,0.3,0.3,0.3,0.3,0.3,0.3,0.3,136.5617694926762,35.69097398261185,0.3,0.3,0.3,0.3,0.3,0.3,17.813137716635975,0.3,0.3,0.3,0.3,0.3,0.3,0.3,0.3,0.3,22.42427148264933,0.3,0.3,0.3,0.3,0.3,0.3,0.3,0.3,0.3,0.3,0.3,0.3,0.3,309.73003712836214,137.87543936288185,0.3,0.3,0.3,0.3,0.3,22.972678035935303,70.48991410790515,0.3,0.3,0.3,0.3,0.3,0.3,0.3,0.3,0.3,0.3,0.3,0.3,0.3,0.3,0.3,0.3,0.3,0.3,0.3,0.3,0.3,0.3,0.3,0.3,0.3,0,0.3,0.3,0.3,0.3,0.3,0.3,0.3,0.3,0.3,0.3,0.3,0.3,0.3,0.3,0.3,0.3,0.3,0.3,0.3,0.3,0.3,0.3,28.25275671191631,0.3,0.3,0.3,0.3,0.3,0.3,0.3,70.4749356589526,0.3,10.06324048085201,0.3,0.3,0.3,0.3,0.3,0.3,0.3,0.3,0.3,0.3,0.3,0.3,0.3,0.3,0.3,0.3,0.3,0.3,0.3,0.3,0.3,0.3,0.3,0.3,0.3,0.3,0.3,0.3,0.3,0.3,0.3,0.3,0.3,0.3,0.3,0.3,0.3,0.3,0.3,0.3,0.3,0.3,0.3,0.3,0.3,0.3,0.3,0.3,0.3,0
0378GFP-S3-08_0001.nd2_(RGB).png,36.555504267259984,0.3,0.3,0.3,0.3,0.3,0.3,0.3,0.3,0.3,0.3,0.3,54.80470779707048,71.0819479652237,0.3,0.3,0.3,0.3,0.3,0.3,17.813137716635975,0.3,0.3,0.3,0.3,0.3,0.3,0.3,0.3,0.3,26.111650063090885,0.3,0.3,0.3,0.3,0.3,0.3,0.3,0.3,0.3,0.3,0.3,0.3,0.3,0.3,183.7339191505091,0.3,0.3,0.3,691.7137082473853,0.3,68.31803410780591,70.48991410790515,0.3,0.3,0.3,0.3,0.3,84.80955197077127,117.2761710881584,0.3,0.3,0.3,0.3,0.3,0.3,0.3,0.3,0.3,0.3,0.3,0.3,0.3,0.3,0.3,0.3,0.3,0.3,0,0.3,0.3,0.3,0.3,0.3,0.3,0.3,0.3,0.3,0.3,0.3,0.3,0.3,0.3,0.3,0.3,0.3,0.3,0.3,0.3,14.332151428095507,0.3,56.20551342383261,153.4437789311264,0.3,0.3,0.3,0.3,0.3,0.3,45.91370817831919,0.3,0.3,0.3,0.3,0.3,0.3,0.3,0.3,0.3,0.3,0.3,0.3,0.3,0.3,0.3,0.3,0.3,0.3,0.3,0.3,0.3,0.3,0.3,0.3,0.3,0.3,0.3,0.3,0.3,0.3,0.3,0.3,0.3,0.3,0.3,0.3,0.3,0.3,0.3,0.3,0.3,0.3,0.3,0.3,0.3,0.3,0.3,0.3,0.3,0.3,0.3,0
0378GFP-S4-04_0001.nd2_(RGB).png,0.3,0.3,0.3,0.3,0.3,0.3,0.3,0.3,0.3,0.3,0.3,0.3,27.55235389853524,53.38646097391777,0.3,0.3,0.3,0.3,0.3,0.3,122.89196401645182,0.3,0.3,0.3,0.3,0.3,0.3,0.3,0.3,0.3,81.42232876971421,0.3,26.42333283882793,0.3,0.3,0.3,0.3,0.3,0.3,0.3,0.3,0.3,0.3,0.3,77.65750928209053,168.44775922130003,0.3,0.3,0.3,197.84677378496727,0.3,0.3,0.3,0.3,52.9788092379787,0.3,0.3,0.3,0.3,0.3,0.3,0.3,0.3,0.3,0.3,0.3,0.3,0.3,557.0941656466747,0.3,0.3,0.3,0.3,0.3,0.3,0.3,0.3,0.3,0,0.3,0.3,0.3,0.3,0.3,0.3,0.3,0.3,0.3,0.3,0.3,0.3,0.3,0.3,0.3,192.30879352796345,0.3,0.3,0.3,0.3,5.912860571238204,0.3,0.3,0.3,0.3,0.3,0.3,0.3,0.3,0.3,33.63309443800248,0.3,3.554413493617336,0.3,21.332440171625137,0.3,0.3,0.3,0.3,0.3,0.3,0.3,0.3,0.3,307.87324768988054,0.3,0.3,0.3,0.3,144.15921914324494,0.3,0.3,0.3,0.3,0.3,0.3,0.3,0.3,0.3,0.3,0.3,0.3,0.3,0.3,0.3,0.3,0.3,59.5734702446016,0.3,0.3,0.3,0.3,0.3,0.3,0.3,0.3,0.3,0.3,0.3,0.3,0.3,0.3,0
0378GFP-S2-02_0001.nd2_(RGB).png,0.3,0.3,0.3,0.3,0.3,0.3,0.3,0.3,0.3,0.3,0.3,0.3,54.80470779707048,35.69097398261185,0.3,0.3,0.3,0.3,0.3,91.85774343148024,0.3,74.00130513051305,0.3,0.3,0.3,0.3,0.3,0.3,0.3,0.3,7.67475716088311,0.3,0.3,0.3,0.3,0.3,0.3,0.3,0.3,0.3,0.3,0.3,0.3,0.3,77.65750928209053,76.73079964604545,0.3,0.3,29.388934203467983,0.3,0.3,22.972678035935303,0.3,0.3,0.3,0.3,0.3,0.3,0.3,0.3,0.3,0.3,0.3,0.3,0.3,0.3,0.3,0.3,0.3,0.3,0.3,0.3,0.3,0.3,0.3,0.3,0.3,0.3,0,0.3,0.3,0.3,0.3,0.3,0.3,0.3,0.3,0.3,0.3,0.3,0.3,0.3,0.3,0.3,0.3,0.3,0.3,0.3,0.3,0.3,0.3,14.276378355958157,0.3,0.3,0.3,0.3,0.3,0.3,0.3,59.948695310109706,0.3,39.35296192340803,0.3,0.3,0.3,0.3,0.3,0.3,0.3,0.3,0.3,0.3,0.3,0.3,0.3,0.3,0.3,0.3,0.3,0.3,0.3,0.3,0.3,0.3,0.3,0.3,0.3,0.3,0.3,0.3,0.3,0.3,0.3,0.3,0.3,0.3,0.3,0.3,0.3,0.3,0.3,0.3,0.3,0.3,0.3,0.3,0.3,0.3,0.3,0.3,0.3,0
0378GFP-S5-03_0001.nd2_(RGB).png,0.3,0.3,0.3,209.3750434072107,507.46723443790654,0.3,0.3,78.68543599667744,0.3,163.59319912053726,0.3,0.3,0.3,0.3,0.3,0.3,0.3,210.17351018838912,55.2173293896912,0.3,0.3,0.3,18.406346563356177,22.77089672660212,78.73343199517227,87.19273252852486,162.23444081874814,124.86211208470245,0.3,0.3,37.17378580441554,0.3,0.3,0.3,30.79341958260714,20.3,0.3,100.5887451253209,0.3,0.3,0.3,0.3,20.57352947730429,0.3,0.3,92.01695957525456,0.3,57.72005722219885,0.3,0.3,0.3,0.3,0.3,0.3,0.3,0.3,0.3,0.3,0.3,0.3,0.3,0.3,0.3,0.3,0.3,0.3,0.3,0.3,0.3,0.3,0.3,0.3,0.3,0.3,0.3,0.3,0.3,0.3,0,0.3,0.3,0.3,0.3,0.3,0.3,598.7443632377124,0.3,0.3,0.3,0.3,0.3,0.3,0.3,0.3,0.3,22.743365429682683,0.3,56.36837998956449,0.3,45.20288456990563,0.3,0.3,0.3,0.3,84.4096745744257,0.3,0.3,0.3,0.3,0.3,36.85110458394525,0.3,0.3,6.609732051487541,0.3,0.3,0.3,0.3,0.3,415.4502015362385,0.3,0.3,0.3,0.3,0.3,0.3,0.3,0.3,0.3,0.3,0.3,0.3,0.3,0.3,0.3,0.3,0.3,0.3,0.3,0.3,0.3,0.3,0.3,0.3,0.3,0.3,0.3,133.9862341733402,0.3,0.3,887.9113821138211,0.3,0.3,0.3,0.3,0.3,0.3,491.28848713797447,0.3,0.3,0.3,0
0378GFP-S1-06_0001.nd2_(RGB).png,0.3,0.3,0.3,0.3,0.3,0.3,0.3,0.3,0.3,0.3,0.3,0.3,54.80470779707048,0.3,177.38805076333156,0.3,50.88200518902891,0.3,0.3,46.07887171574012,0.3,98.56840684068406,0.3,0.3,0.3,0.3,0.3,0.3,118.41643279852,0.3,3.987378580441555,0.3,0.3,0.3,0.3,0.3,0.3,0.3,0.3,0.3,0.3,0.3,0.3,0.3,0.3,0.3,0.3,0.3,0.3,0.3,0.3,0.3,0.3,0.3,0.3,0.3,0.3,0.3,0.3,0.3,0.3,0.3,0.3,0.3,0.3,0.3,0.3,0.3,0.3,0.3,0.3,0.3,0.3,0.3,0.3,0.3,0.3,0.3,0,0.3,0.3,0.3,0.3,0.3,0.3,0.3,0.3,0.3,0.3,0.3,0.3,0.3,0.3,0.3,0.3,0.3,0.3,0.3,0.3,0.3,0.3,0.3,0.3,0.3,0.3,0.3,0.3,0.3,0.3,0.3,0.3,68.64268336596406,0.3,0.3,0.3,0.3,0.3,0.3,0.3,0.3,0.3,0.3,0.3,0.3,0.3,0.3,0.3,0.3,0.3,0.3,0.3,0.3,0.3,0.3,0.3,0.3,0.3,0.3,0.3,0.3,0.3,0.3,0.3,0.3,0.3,0.3,0.3,0.3,0.3,0.3,0.3,0.3,0.3,0.3,0.3,0.3,0.3,0.3,0.3,0.3,0.3,0
0378GFP-S6-07_0001.nd2_(RGB).png,0.3,0.3,0.3,0.3,0.3,0.3,0.3,0.3,0.3,0.3,0.3,0.3,0.3,0.3,0.3,0.3,0.3,0.3,0.3,0.3,0.3,0.3,0.3,0.3,0.3,0.3,0.3,0.3,0.3,0.3,0.3,0.3,0.3,0.3,0.3,13.3,0.3,0.3,0.3,0.3,0.3,0.3,0.3,0.3,0.3,0.3,0.3,0.3,0.3,0.3,0.3,0.3,0.3,0.3,0.3,0.3,0.3,0.3,0.3,0.3,0.3,0.3,694.4518311291963,61.25279037048616,0.3,0.3,0.3,0.3,0.3,0.3,0.3,0.3,0.3,0.3,0.3,0.3,0.3,0.3,0,0.3,0.3,0.3,0.3,0.3,0.3,0.3,541.386969450667,0.3,0.3,0.3,0.3,0.3,0.3,0.3,0.3,0.3,0.3,0.3,0.3,5.912860571238204,0.3,0.3,0.3,0.3,86.41228587381678,0.3,0.3,0.3,0.3,0.3,0.3,0.3,0.3,8.712976068650056,0.3,0.3,0.3,0.3,0.3,207.87510076811927,0.3,0.3,0.3,0.3,0.3,0.3,0.3,0.3,0.3,0.3,0.3,0.3,26.85347362071817,0.3,30.291813636613377,0.3,0.3,0.3,0.3,0.3,0.3,0.3,0.3,0.3,0.3,0.3,0.3,100.56467563000514,207.7173569420169,0.3,296.1704607046071,0.3,0.3,0.3,0.3,0.3,0.3,0.3,0.3,0.3,0.3,0
0378GFP-S2-03_0001.nd2_(RGB).png,18.42775213363,0.3,0.3,0.3,0.3,0.3,0.3,0.3,0.3,0.3,0.3,0.3,27.55235389853524,35.69097398261185,0.3,0.3,0.3,0.3,0.3,0.3,87.86568858317987,24.867101710171017,0.3,0.3,0.3,0.3,0.3,0.3,0.3,0.3,44.54854296529866,0.3,0.3,0.3,0.3,0.3,0.3,0.3,0.3,0.3,0.3,0.3,0.3,0.3,387.0875464104527,92.01695957525456,0.3,0.3,0.3,296.6201606774509,0.3,90.99071214374122,140.67982821581032,0.3,0.3,0.3,0.3,0.3,14.38492532846188,0.3,0.3,0.3,0.3,0.3,0.3,0.3,0.3,0.3,0.3,0.3,0.3,0.3,0.3,0.3,0.3,0.3,0.3,0.3,0,0.3,0.3,0.3,0.3,0.3,0.3,0.3,0.3,0.3,0.3,0.3,0.3,0.3,0.3,0.3,0.3,0.3,0.3,0.3,0.3,0.3,0.3,84.15827013574892,0.3,0.3,0.3,0.3,0.3,0.3,0.3,31.87872104652867,0.3,13.317653974469346,0.3,0.3,0.3,0.3,0.3,0.3,0.3,0.3,0.3,0.3,0.3,0.3,0.3,0.3,0.3,0.3,0.3,0.3,0.3,0.3,0.3,0.3,0.3,0.3,0.3,0.3,0.3,0.3,0.3,0.3,0.3,0.3,0.3,0.3,0.3,0.3,0.3,0.3,0.3,0.3,0.3,0.3,0.3,0.3,0.3,0.3,0.3,0.3,0.3,0
0378GFP-S5-02_0001.nd2_(RGB).png,0.3,0.3,0.3,69.9916811357369,169.35574481263552,0.3,0.3,78.68543599667744,0.3,163.59319912053726,0.3,0.3,0.3,0.3,0.3,0.3,0.3,42.27470203767781,41.4879970422684,0.3,0.3,0.3,18.406346563356177,34.00634508990318,29.71253699818961,17.678546505704972,0.3,149.77453450164293,0.3,0.3,37.17378580441554,0.3,26.42333283882793,0.3,30.79341958260714,14.3,0.3,60.47324707519253,0.3,0.3,0.3,0.3,0.3,0.3,0.3,15.586159929209092,0.3,0.3,0.3,0.3,0.3,0.3,0.3,0.3,0.3,0.3,0.3,0.3,0.3,0.3,0.3,0.3,0.3,0.3,0.3,0.3,0.3,0.3,0.3,0.3,0.3,0.3,0.3,0.3,0.3,0.3,0.3,0.3,0,0.3,0.3,0.3,0.3,0.3,23.98350036877956,199.7814544125708,0.3,0.3,0.3,0.3,0.3,0.3,0.3,0.3,0.3,90.07346171873073,0.3,33.94102799373869,0.3,50.81574514114383,0.3,0.3,0.3,0.3,36.34700338903959,0.3,0.3,0.3,0.3,0.3,28.72863689862409,0.3,0.3,4.506488034325027,0.3,0.3,0.3,0.3,0.3,207.87510076811927,0.3,0.3,0.3,0.3,0.3,0.3,0.3,0.3,0.3,0.3,0.3,0.3,0.3,0.3,0.3,0.3,0.3,0.3,0.3,0.3,0.3,0.3,0.3,0.3,0.3,0.3,0.3,67.14311708667009,0.3,0.3,0.3,683.8474580515903,0.3,0.3,0.3,0.3,0.3,0.3,0.3,0.3,0.3,0
0378GFP-S3-04_0001.nd2_(RGB).png,0.3,0.3,0.3,0.3,0.3,0.3,0.3,0.3,0.3,0.3,0.3,0.3,95.68323864487334,53.38646097391777,0.3,0.3,0.3,0.3,0.3,23.189435857870063,0.3,0.3,0.3,0.3,0.3,0.3,0.3,0.3,0.3,0.3,15.04951432176622,0.3,0.3,0.3,0.3,0.3,0.3,0.3,0.3,0.3,0.3,0.3,0.3,0.3,155.01501856418108,15.586159929209092,0.3,0.3,29.388934203467983,99.07338689248364,0.3,0.3,0.3,0.3,0.3,0.3,0.3,0.3,42.55477598538563,0.3,0.3,0.3,0.3,0.3,0.3,0.3,0.3,0.3,0.3,0.3,0.3,0.3,0.3,0.3,0.3,0.3,0.3,427.7714173844949,0,0.3,442.4521140450349,0.3,0.3,0.3,0.3,0.3,0.3,0.3,0.3,0.3,0.3,0.3,0.3,0.3,0.3,0.3,0.3,0.3,0.3,8.719290856857306,0.3,0.3,0.3,0.3,0.3,0.3,0.3,0.3,0.3,58.19432191863589,0.3,32.84413493617336,0.3,0.3,0.3,0.3,0.3,0.3,0.3,0.3,0.3,0.3,0.3,0.3,0.3,0.3,0.3,0.3,0.3,0.3,0.3,0.3,0.3,0.3,0.3,0.3,0.3,0.3,0.3,0.3,0.3,0.3,0.3,0.3,0.3,0.3,0.3,0.3,0.3,0.3,0.3,0.3,0.3,0.3,0.3,0.3,0.3,0.3,0.3,0.3,0.3,0
0378GFP-S4-05_0001.nd2_(RGB).png,0.3,0.3,36.54250592554724,0.3,0.3,0.3,0.3,0.3,0.3,0.3,0.3,0.3,13.92617694926762,0.3,0.3,0.3,0.3,0.3,0.3,0.3,35.326275433271945,0.3,0.3,0.3,0.3,0.3,0.3,0.3,0.3,0.3,62.98543586750643,0.3,0.3,0.3,0.3,0.3,0.3,0.3,0.3,0.3,0.3,0.3,0.3,0.3,155.01501856418108,30.872319858418184,0.3,0.3,0.3,197.84677378496727,76.0789160975068,68.31803410780591,70.48991410790515,0.3,0.3,0.3,0.3,0.3,84.80955197077127,117.2761710881584,0.3,0.3,0.3,0.3,0.3,0.3,0.3,0.3,0.3,0.3,0.3,0.3,0.3,0.3,0.3,0.3,0.3,0.3,0,0.3,0.3,0.3,0.3,0.3,0.3,0.3,0.3,0.3,0.3,0.3,0.3,0.3,0.3,0.3,0.3,0.3,0.3,0.3,0.3,3.1064302856191017,0.3,56.20551342383261,0.3,0.3,0.3,0.3,0.3,0.3,0.3,24.86122748063341,0.3,3.554413493617336,0.3,0.3,0.3,0.3,0.3,0.3,0.3,0.3,0.3,0.3,0.3,0.3,0.3,0.3,0.3,0.3,0.3,0.3,0.3,0.3,0.3,0.3,0.3,0.3,0.3,0.3,0.3,0.3,0.3,0.3,0.3,0.3,0.3,0.3,0.3,0.3,0.3,0.3,0.3,0.3,0.3,0.3,0.3,0.3,0.3,0.3,0.3,0.3,0.3,0
0378GFP-S7-01_0001.nd2_(RGB).png,0.3,0.3,0.3,0.3,0.3,0.3,0.3,0.3,0.3,0.3,0.3,0.3,0.3,0.3,0.3,0.3,0.3,0.3,0.3,0.3,0.3,0.3,0.3,0.3,0.3,0.3,0.3,0.3,0.3,0.3,0.3,0.3,0.3,0.3,0.3,3.3,0.3,0.3,0.3,0.3,0.3,0.3,0.3,0.3,0.3,0.3,0.3,0.3,0.3,0.3,0.3,0.3,0.3,0.3,74.05033293317018,147.52617359676972,0.3,0.3,0.3,0.3,0.3,0.3,0.3,0.3,0.3,0.3,0.3,185.97801990974853,0.3,0.3,0.3,0.3,0.3,0.3,0.3,0.3,0.3,0.3,0,0.3,0.3,0.3,0.3,0.3,47.66700073755912,0.3,0.3,0.3,0.3,0.3,0.3,0.3,0.3,0.3,288.31319029194515,0.3,0.3,0.3,0.3,5.912860571238204,0.3,0.3,0.3,0.3,0.3,0.3,0.3,0.3,0.3,0.3,0.3,0.3,0.3,65.50056453203791,0.3,135.7058098834165,59.34480162679012,71.14487300948697,68.41592213626154,0.3,92.35568390697988,146.22887312648146,78.08889817787995,0.3,0.3,0.3,0.3,969.0329192546584,108.19441435743369,0.3,0.3,0.3,26.85347362071817,171.04788864560527,30.291813636613377,0.3,0.3,597.2827209098862,0.3,0.3,445.2633192044344,0.3,0.3,0.3,0.3,0.3,0.3,0.3,0.3,0.3,0.3,0.3,0.3,0.3,0.3,0.3,0.3,0.3,0.3,0.3,0.3,0
0378GFP-S1-07_0001.nd2_(RGB).png,0.3,0.3,0.3,0.3,0.3,0.3,0.3,0.3,0.3,0.3,0.3,0.3,0.3,0.3,35.71761015266631,0.3,123.14201260192736,0.3,0.3,171.97076893402547,0.3,98.56840684068406,0.3,0.3,0.3,0.3,0.3,0.3,59.35821639926,0.3,0.3,0.3,0.3,0.3,0.3,0.3,0.3,0.3,0.3,0.3,0.3,0.3,0.3,0.3,0.3,0.3,0.3,0.3,0.3,0.3,0.3,0.3,0.3,0.3,0.3,0.3,0.3,0.3,0.3,0.3,0.3,0.3,0.3,0.3,0.3,0.3,0.3,0.3,0.3,0.3,0.3,0.3,0.3,0.3,0.3,0.3,0.3,0.3,0,0.3,0.3,0.3,0.3,0.3,0.3,0.3,0.3,0.3,0.3,0.3,0.3,0.3,0.3,0.3,0.3,0.3,0.3,0.3,395.058625676957,0.3,0.3,0.3,0.3,0.3,0.3,0.3,0.3,0.3,0.3,0.3,0.3,29.589721442556023,0.3,0.3,0.3,0.3,0.3,0.3,0.3,0.3,0.3,0.3,0.3,0.3,0.3,0.3,0.3,0.3,0.3,0.3,0.3,0.3,0.3,0.3,0.3,0.3,0.3,0.3,0.3,0.3,0.3,0.3,0.3,0.3,0.3,0.3,0.3,0.3,0.3,0.3,0.3,0.3,0.3,0.3,0.3,0.3,0.3,0.3,0.3,0.3,0.3,0
0378GFP-S6-06_0001.nd2_(RGB).png,0.3,0.3,0.3,0.3,0.3,0.3,835.2038351240775,163.10052091617624,0.3,0.3,952.6697065820777,432.5098178939034,0.3,0.3,0.3,0.3,0.3,0.3,123.8639911268052,0.3,0.3,0.3,0.3,22.77089672660212,0.3,0.3,162.23444081874814,50.12484483388097,0.3,0.3,0.3,0.3,0.3,0.3,0.3,40.3,0.3,120.64649415038508,34.20912733292542,0.3,39.77421323614486,46.45627219535292,121.94117686382576,361.2152271388558,0.3,0.3,0.3,0.3,0.3,0.3,0.3,0.3,0.3,0.3,0.3,0.3,0.3,0.3,0.3,0.3,0.3,0.3,0.3,0.3,0.3,0.3,0.3,0.3,0.3,0.3,0.3,0.3,0.3,0.3,0.3,0.3,0.3,0.3,0,0.3,0.3,0.3,0.3,0.3,0.3,0.3,0.3,0.3,0.3,0.3,0.3,0.3,0.3,0.3,0.3,0.3,0.3,78.79573198539028,0.3,0.3,0.3,0.3,0.3,0.3,120.45667796346528,0.3,0.3,0.3,0.3,0.3,8.42246768532117,0.3,0.3,0.3,0.3,0.3,0.3,0.3,0.3,0.3,0.3,0.3,0.3,0.3,0.3,0.3,0.3,0.3,0.3,0.3,0.3,0.3,0.3,0.3,0.3,0.3,0.3,0.3,0.3,0.3,0.3,0.3,0.3,0.3,0.3,0.3,0.3,0.3,0.3,0.3,0.3,0.3,0.3,0.3,0.3,0.3,0.3,0.3,0.3,0.3,0.3,0
0378GFP-S7-11_0001.nd2_(RGB).png,0.3,0.3,0.3,0.3,0.3,0.3,0.3,0.3,0.3,0.3,0.3,0.3,0.3,0.3,0.3,0.3,0.3,0.3,0.3,0.3,0.3,0.3,0.3,0.3,0.3,0.3,0.3,0.3,0.3,0.3,0.3,0.3,0.3,0.3,0.3,0.3,0.3,0.3,0.3,0.3,0.3,0.3,0.3,0.3,0.3,0.3,0.3,0.3,0.3,0.3,0.3,0.3,0.3,0.3,0.3,0.3,0.3,0.3,0.3,0.3,0.3,0.3,0.3,0.3,0.3,0.3,0.3,0.3,0.3,0.3,0.3,0.3,0.3,0.3,0.3,0.3,0.3,0.3,0,0.3,0.3,0.3,0.3,0.3,0.3,0.3,0.3,0.3,0.3,209.3857208518462,52.6641927345631,0.3,0.3,0.3,0.3,0.3,0.3,0.3,0.3,0.3,0.3,0.3,0.3,0.3,0.3,0.3,114.39602039963214,0.3,0.3,0.3,0.3,0.3,0.3,0.3,0.3,0.3,0.3,0.3,0.3,0.3,0.3,0.3,0.3,0.3,0.3,0.3,0.3,0.3,0.3,0.3,0.3,0.3,0.3,0.3,0.3,0.3,0.3,0.3,0.3,0.3,0.3,0.3,0.3,0.3,0.3,0.3,0.3,0.3,0.3,0.3,0.3,0.3,0.3,0.3,0.3,0.3,0.3,0.3,0.3,0.3,0.3,0
0378GFP-S1-04_0001.nd2_(RGB).png,0.3,0.3,0.3,0.3,0.3,0.3,0.3,0.3,0.3,0.3,0.3,0.3,0.3,0.3,88.84402538166577,0.3,253.21002594514457,0.3,0.3,46.07887171574012,0.3,0.3,0.3,0.3,0.3,0.3,0.3,0.3,0.3,0.3,0.3,0.3,0.3,0.3,0.3,0.3,0.3,0.3,0.3,0.3,0.3,0.3,0.3,0.3,0.3,0.3,0.3,0.3,0.3,0.3,0.3,0.3,0.3,0.3,0.3,0.3,0.3,0.3,0.3,0.3,0.3,0.3,0.3,0.3,0.3,0.3,0.3,0.3,0.3,0.3,0.3,0.3,0.3,0.3,0.3,0.3,0.3,0.3,0,0.3,0.3,0.3,0.3,0.3,0.3,0.3,0.3,0.3,0.3,0.3,0.3,0.3,0.3,0.3,0.3,0.3,0.3,0.3,263.4724171179713,0.3,0.3,0.3,0.3,0.3,0.3,0.3,0.3,0.3,0.3,0.3,0.3,49.11620240426004,0.3,0.3,0.3,0.3,0.3,0.3,0.3,0.3,0.3,0.3,0.3,0.3,0.3,0.3,0.3,0.3,0.3,0.3,0.3,0.3,0.3,0.3,0.3,0.3,0.3,0.3,0.3,0.3,0.3,0.3,0.3,0.3,0.3,0.3,0.3,0.3,0.3,0.3,0.3,0.3,0.3,0.3,0.3,0.3,0.3,0.3,0.3,0.3,0.3,0
0378GFP-S1-09_0001.nd2_(RGB).png,0.3,0.3,0.3,0.3,0.3,0.3,0.3,0.3,0.3,0.3,0.3,0.3,0.3,0.3,0.3,0.3,0.3,0.3,0.3,0.3,0.3,0.3,0.3,0.3,0.3,0.3,0.3,0.3,0.3,0.3,0.3,0.3,0.3,0.3,0.3,0.3,0.3,0.3,0.3,0.3,0.3,0.3,0.3,0.3,0.3,0.3,0.3,0.3,0.3,0.3,0.3,0.3,0.3,0.3,0.3,0.3,0.3,0.3,0.3,0.3,0.3,0.3,0.3,0.3,0.3,0.3,0.3,0.3,0.3,0.3,0.3,0.3,0.3,0.3,0.3,0.3,0.3,0.3,0,0.3,0.3,0.3,0.3,0.3,0.3,0.3,0.3,0.3,0.3,0.3,0.3,0.3,0.3,0.3,0.3,0.3,0.3,0.3,0.3,0.3,0.3,0.3,0.3,0.3,0.3,0.3,0.3,0.3,0.3,0.3,0.3,0.3,0.3,0.3,0.3,0.3,0.3,0.3,0.3,0.3,0.3,0.3,0.3,0.3,0.3,0.3,0.3,0.3,0.3,0.3,0.3,0.3,0.3,0.3,0.3,0.3,0.3,0.3,0.3,0.3,0.3,0.3,0.3,0.3,0.3,0.3,0.3,0.3,0.3,0.3,0.3,0.3,0.3,0.3,0.3,0.3,0.3,0.3,0.3,0.3,0.3,0
0378GFP-S6-08_0001.nd2_(RGB).png,0.3,0.3,0.3,0.3,0.3,0.3,0.3,0.3,0.3,0.3,0.3,0.3,0.3,0.3,0.3,0.3,0.3,0.3,0.3,0.3,0.3,0.3,0.3,0.3,0.3,0.3,0.3,0.3,0.3,0.3,0.3,0.3,0.3,0.3,0.3,0.3,0.3,0.3,0.3,0.3,0.3,0.3,0.3,0.3,0.3,0.3,0.3,0.3,0.3,0.3,0.3,0.3,0.3,0.3,0.3,0.3,0.3,0.3,0.3,0.3,0.3,0.3,0.3,0.3,0.3,0.3,0.3,0.3,0.3,0.3,0.3,0.3,0.3,0.3,0.3,0.3,0.3,0.3,0,0.3,0.3,0.3,0.3,0.3,0.3,0.3,0.3,0.3,0.3,0.3,0.3,171.083501929294,0.3,0.3,0.3,0.3,0.3,0.3,0.3,0.3,0.3,0.3,0.3,0.3,0.3,0.3,114.39602039963214,0.3,0.3,0.3,0.3,0.3,0.3,0.3,0.3,0.3,0.3,0.3,0.3,0.3,0.3,0.3,0.3,0.3,0.3,0.3,0.3,0.3,0.3,0.3,0.3,0.3,0.3,0.3,0.3,0.3,0.3,0.3,0.3,0.3,0.3,0.3,0.3,0.3,0.3,0.3,0.3,0.3,0.3,0.3,0.3,0.3,0.3,0.3,0.3,0.3,0.3,0.3,0.3,0.3,0.3,0
0378GFP-S7-12_0001.nd2_(RGB).png,0.3,0.3,0.3,0.3,0.3,0.3,0.3,0.3,0.3,0.3,0.3,0.3,0.3,0.3,0.3,0.3,0.3,0.3,0.3,0.3,0.3,0.3,0.3,0.3,0.3,0.3,0.3,0.3,0.3,0.3,0.3,0.3,0.3,0.3,0.3,0.3,0.3,0.3,0.3,0.3,0.3,0.3,0.3,0.3,0.3,0.3,0.3,0.3,0.3,0.3,0.3,0.3,0.3,0.3,0.3,0.3,0.3,0.3,0.3,0.3,0.3,0.3,0.3,0.3,0.3,0.3,0.3,0.3,0.3,0.3,0.3,0.3,0.3,0.3,0.3,0.3,0.3,0.3,0,0.3,0.3,0.3,0.3,0.3,0.3,0.3,0.3,0.3,0.3,0.3,0.3,0.3,629.7753228782287,0.3,0.3,0.3,0.3,0.3,0.3,0.3,0.3,0.3,0.3,0.3,0.3,402.02278029215887,0.3,0.3,0.3,0.3,0.3,0.3,0.3,0.3,0.3,0.3,0.3,0.3,0.3,0.3,0.3,0.3,0.3,0.3,0.3,0.3,0.3,0.3,0.3,0.3,0.3,0.3,0.3,0.3,0.3,0.3,0.3,0.3,0.3,0.3,0.3,0.3,0.3,0.3,0.3,0.3,0.3,0.3,0.3,0.3,0.3,0.3,0.3,0.3,0.3,151.87466540789694,0.3,0.3,0.3,0.3,0.3,0
0378GFP-S6-05_0001.nd2_(RGB).png,0.3,0.3,0.3,0.3,0.3,0.3,35.08765979683656,102.8040316879628,699.5268203763917,0.3,0.3,465.7567269626652,0.3,0.3,0.3,0.3,0.3,0.3,0.3,0.3,0.3,0.3,0.3,22.77089672660212,0.3,0.3,0.3,0.3,0.3,0.3,0.3,0.3,0.3,0.3,0.3,46.3,0.3,194.19157390895373,127.45922749847034,91.75267213938685,0.3,0.3,0.3,0.3,0.3,0.3,0.3,0.3,0.3,0.3,0.3,0.3,0.3,0.3,0.3,0.3,0.3,0.3,0.3,0.3,0.3,0.3,0.3,0.3,0.3,0.3,0.3,0.3,0.3,0.3,0.3,0.3,0.3,0.3,0.3,0.3,0.3,0.3,0,0.3,0.3,0.3,0.3,0.3,0.3,0.3,0.3,0.3,0.3,0.3,0.3,0.3,0.3,0.3,0.3,0.3,0.3,164.7672479693892,0.3,0.3,0.3,0.3,0.3,0.3,34.344392089648494,0.3,0.3,0.3,0.3,0.3,8.42246768532117,0.3,0.3,0.3,0.3,0.3,0.3,0.3,0.3,0.3,0.3,0.3,0.3,0.3,0.3,0.3,0.3,0.3,0.3,0.3,0.3,0.3,0.3,0.3,0.3,0.3,0.3,0.3,0.3,0.3,0.3,0.3,0.3,0.3,0.3,0.3,0.3,0.3,0.3,0.3,0.3,0.3,0.3,0.3,0.3,0.3,0.3,0.3,0.3,0.3,0.3,0
0378GFP-S3-07_0001.nd2_(RGB).png,54.68325640088998,0.3,54.66375888832086,0.3,0.3,0.3,0.3,0.3,0.3,0.3,0.3,0.3,0.3,0.3,0.3,0.3,0.3,0.3,0.3,0.3,140.4051017330878,0.3,0.3,0.3,0.3,0.3,0.3,0.3,0.3,0.3,26.111650063090885,803.2629811228242,39.484999258241885,36.10017051416579,0.3,1.3,0.3,0.3,0.3,0.3,0.3,0.3,0.3,0.3,0.3,275.4508787257637,0.3,115.1401144443977,0.3,0.3,0.3,0.3,0.3,0.3,84.58609478076592,126.49386308294548,0.3,0.3,0.3,0.3,0.3,0.3,0.3,0.3,0.3,207.94616379474303,0.3,93.13900995487424,742.6922208622331,0.3,0.3,0.3,0.3,910.708605737158,0.3,0.3,0.3,0.3,0,0.3,0.3,0.3,0.3,0.3,0.3,0.3,0.3,0.3,0.3,0.3,0.3,0.3,0.3,0.3,288.31319029194515,0.3,0.3,0.3,0.3,36.78359371304832,165.00724900052802,0.3,0.3,0.3,0.3,0.3,0.3,0.3,0.3,47.668081569793,0.3,3.554413493617336,0.3,52.88110042906284,0.3,0.3,0.3,0.3,0.3,0.3,0.3,0.3,0.3,1128.0685748628953,0.3,378.0723183391003,0.3,0.3,252.0536335006786,0.3,0.3,0.3,0.3,0.3,0.3,0.3,0.3,0.3,0.3,0.3,0.3,0.3,0.3,0.3,0.3,0.3,257.15170439327363,0.3,0.3,0.3,0.3,0.3,0.3,0.3,0.3,0.3,0.3,0.3,0.3,0.3,0.3,0
0378GFP-S4-06_0001.nd2_(RGB).png,0.3,0.3,0.3,0.3,0.3,593.6371870121143,0.3,0.3,0.3,0.3,0.3,0.3,0.3,0.3,0.3,0.3,0.3,210.17351018838912,137.593323474228,0.3,0.3,0.3,36.51269312671235,78.94813854310742,68.92925299577574,174.08546505704973,54.27814693958271,199.5993793355239,0.3,0.3,22.42427148264933,0.3,78.66999851648377,36.10017051416579,0.3,3.3,0.3,6.98591634168806,0.3,0.3,0.3,0.3,0.3,0.3,0.3,46.15847978762727,407.0667660208644,229.9802288887954,0.3,0.3,0.3,0.3,0.3,0.3,95.12185662836166,189.5907946244182,0.3,0.3,0.3,0.3,0.3,209.51393530584087,0.3,0.3,0.3,0.3,0.3,0.3,0.3,0.3,0.3,0.3,0.3,0.3,0.3,0.3,149.2443383356071,0.3,0,0.3,0.3,0.3,0.3,0.3,23.98350036877956,0.3,0.3,0.3,0.3,0.3,0.3,0.3,0.3,0.3,0.3,224.73365429682684,113.7038972910088,4.037891999304299,0.3,163.0729565659079,185.59565512559405,0.3,0.3,0.3,8.310445197564352,0.3,0.3,0.3,1628.8592583589314,9.071866957369076,57.15727379724817,0.3,0.3,42.36488034325027,0.3,105.61562990932391,0.3,0.3,0.3,0.3,0.3,0.3,0.3,0.3,0.3,0.3,0.3,0.3,0.3,0.3,1219.7565182703047,0.3,372.0486306900544,0.3,0.3,0.3,0.3,1393.259682123068,0.3,0.3,0.3,0.3,0.3,613.78730051697,0.3,0.3,0.3,33.72155854333504,0.3,0.3,0.3,0.3,0.3,0.3,0.3,0.3,0.3,0.3,0.3,746.8549781181619,0.3,0
0378GFP-S5-01_0001.nd2_(RGB).png,0.3,0.3,0.3,0.3,169.35574481263552,0.3,0.3,30.44824461410671,0.3,81.94659956026862,0.3,0.3,0.3,0.3,0.3,0.3,0.3,336.09761630142253,27.7586646948456,0.3,0.3,0.3,0.3,45.24179345320424,59.12507399637921,139.32837204563978,0.3,124.86211208470245,0.3,0.3,26.111650063090885,0.3,52.54666567765585,0.3,0.3,6.3,0.3,27.04366536675224,0.3,0.3,0.3,0.3,20.57352947730429,0.3,0.3,92.01695957525456,101.9916915052161,0.3,0.3,0.3,0.3,0.3,0.3,0.3,0.3,0.3,0.3,0.3,0.3,0.3,0.3,418.72787061168174,0.3,0.3,0.3,0.3,0.3,0.3,0.3,0.3,0.3,0.3,0.3,0.3,0.3,0.3,0.3,0.3,0,0.3,0.3,0.3,0.3,0.3,71.35050110633867,0.3,0.3,0.3,0.3,0.3,0.3,0.3,0.3,0.3,0.3,45.18673085936536,0.3,15.251567997217196,0.3,92.91219942543036,82.653624500264,0.3,0.3,0.3,14.318279095737616,0.3,0.3,0.3,60.61700956884931,3.80874678294763,40.91233842660584,0.3,0.3,8.712976068650056,0.3,0.3,0.3,0.3,0.3,0.3,0.3,0.3,0.3,0.3,0.3,0.3,0.3,0.3,0.3,0.3,0.3,0.3,0.3,0.3,0.3,0.3,0.3,0.3,0.3,0.3,0.3,0.3,0.3,0.3,635.2668489007793,0.3,0.3,0.3,0.3,0.3,296.1704607046071,1367.3949161031803,0.3,0.3,0.3,0.3,0.3,0.3,0.3,0.3,0.3,0
0378GFP-S3-01_0001.nd2_(RGB).png,0.3,0.3,0.3,0.3,0.3,0.3,0.3,0.3,0.3,0.3,0.3,0.3,41.17853084780286,0.3,0.3,0.3,0.3,0.3,0.3,0.3,0.3,49.43420342034203,0.3,0.3,0.3,0.3,0.3,0.3,0.3,0.3,26.111650063090885,0.3,0.3,0.3,0.3,0.3,0.3,0.3,0.3,0.3,0.3,0.3,0.3,0.3,155.01501856418108,61.44463971683636,0.3,0.3,29.388934203467983,0.3,0.3,22.972678035935303,0.3,0.3,0.3,0.3,0.3,0.3,0.3,0.3,0.3,0.3,0.3,0.3,0.3,0.3,0.3,0.3,0.3,0.3,0.3,0.3,0.3,0.3,0.3,0.3,0.3,0.3,0,0.3,0.3,0.3,0.3,0.3,0.3,0.3,0.3,0.3,0.3,0.3,0.3,0.3,0.3,0.3,0.3,0.3,0.3,0.3,0.3,0.3,0.3,14.276378355958157,0.3,0.3,0.3,0.3,0.3,0.3,0.3,47.668081569793,0.3,45.8617889106427,0.3,0.3,0.3,0.3,0.3,0.3,0.3,0.3,0.3,0.3,0.3,0.3,0.3,0.3,0.3,0.3,0.3,0.3,0.3,0.3,0.3,0.3,0.3,0.3,0.3,0.3,0.3,0.3,0.3,0.3,0.3,0.3,0.3,0.3,0.3,0.3,0.3,0.3,0.3,0.3,0.3,0.3,0.3,0.3,0.3,0.3,0.3,0.3,0.3,0
0378GFP-S5-07_0001.nd2_(RGB).png,0.3,0.3,0.3,209.3750434072107,169.35574481263552,0.3,69.87531959367313,48.53719138257073,0.3,41.12329978013431,0.3,0.3,0.3,0.3,0.3,0.3,0.3,0.3,0.3,0.3,0.3,0.3,0.3,22.77089672660212,19.90835799879307,0.3,108.25629387916544,124.86211208470245,0.3,0.3,3.987378580441555,0.3,26.42333283882793,0.3,274.74077624346427,22.3,0.3,134.0183268337612,0.3,0.3,0.3,0.3,0.3,0.3,0.3,15.586159929209092,0.3,0.3,0.3,0.3,0.3,0.3,0.3,0.3,0.3,0.3,0.3,0.3,0.3,0.3,0.3,0.3,0.3,0.3,0.3,0.3,0.3,0.3,0.3,0.3,0.3,0.3,0.3,0.3,0.3,0.3,0.3,0.3,0,0.3,0.3,0.3,0.3,0.3,0.3,100.0407272062854,0.3,0.3,0.3,0.3,0.3,0.3,0.3,0.3,0.3,0.3,0.3,75.05783998608598,0.3,0.3,0.3,0.3,0.3,0.3,50.3652824847772,0.3,0.3,0.3,0.3,0.3,16.54493537064234,0.3,0.3,8.712976068650056,0.3,0.3,0.3,71.14487300948697,0.3,0.3,0.3,0.3,0.3,0.3,0.3,0.3,0.3,0.3,0.3,0.3,0.3,0.3,26.85347362071817,0.3,0.3,0.3,0.3,0.3,0.3,0.3,0.3,0.3,0.3,0.3,0.3,0.3,0.3,33.72155854333504,0.3,0.3,0.3,0.3,0.3,0.3,0.3,0.3,0.3,0.3,0.3,0.3,0.3,0
0378GFP-S6-03_0001.nd2_(RGB).png,0.3,0.3,0.3,0.3,0.3,0.3,0.3,0.3,0.3,0.3,0.3,0.3,0.3,0.3,0.3,0.3,0.3,0.3,0.3,0.3,0.3,0.3,0.3,0.3,10.104178999396536,0.3,0.3,0.3,0.3,0.3,0.3,0.3,13.361666419413964,0.3,0.3,27.3,0.3,0.3,0.3,0.3,0.3,0.3,20.57352947730429,0.3,0.3,0.3,0.3,0.3,0.3,0.3,0.3,0.3,0.3,0.3,0.3,0.3,0.3,0.3,0.3,0.3,0.3,418.72787061168174,0.3,122.20558074097232,0.3,0.3,0.3,0.3,0.3,0.3,0.3,0.3,0.3,0.3,0.3,0.3,0.3,0.3,0,0.3,0.3,0.3,0.3,0.3,166.08450258145692,0.3,0.3,0.3,0.3,0.3,0.3,0.3,0.3,0.3,0.3,0.3,0.3,0.3,0.3,53.62217542676293,41.476812250132,0.3,0.3,0.3,38.34961468843067,0.3,0.3,0.3,120.93401913769864,0.3,4.361233842660584,0.3,0.3,29.74541624027519,0.3,0.3,59.34480162679012,141.98974601897396,0.3,0.3,0.3,0.3,0.3,0.3,0.3,0.3,0.3,0.3,0.3,0.3,0.3,0.3,0.3,0.3,90.27544090984011,244.87034050179213,0.3,0.3,0.3,102.094092417857,445.2633192044344,316.5449791441372,0.3,0.3,635.2668489007793,0.3,0.3,67.14311708667009,0.3,0.3,0.3,683.8474580515903,0.3,0.3,0.3,0.3,0.3,0.3,0.3,249.15165937272067,0.3,0
0378GFP-S1-02_0001.nd2_(RGB).png,0.3,0.3,0.3,0.3,0.3,0.3,0.3,0.3,0.3,0.3,0.3,0.3,0.3,0.3,18.008805076333157,404.933545206901,910.7760934025204,0.3,0.3,34.63415378680509,0.3,0.3,0.3,0.3,0.3,0.3,0.3,0.3,325.12019019593,0.3,15.04951432176622,0.3,0.3,0.3,0.3,0.3,0.3,0.3,0.3,0.3,0.3,0.3,0.3,0.3,0.3,0.3,0.3,0.3,0.3,0.3,0.3,0.3,0.3,0.3,0.3,0.3,0.3,0.3,0.3,0.3,0.3,0.3,0.3,0.3,0.3,0.3,0.3,0.3,0.3,0.3,0.3,0.3,0.3,0.3,0.3,0.3,0.3,0.3,0,0.3,0.3,0.3,0.3,0.3,0.3,0.3,0.3,0.3,0.3,0.3,0.3,0.3,0.3,0.3,0.3,0.3,0.3,0.3,44.16206951966189,0.3,0.3,0.3,0.3,0.3,0.3,0.3,0.3,0.3,0.3,0.3,0.3,10.06324048085201,0.3,0.3,0.3,0.3,0.3,0.3,0.3,0.3,0.3,0.3,0.3,0.3,0.3,0.3,0.3,0.3,0.3,0.3,0.3,0.3,0.3,0.3,0.3,0.3,0.3,0.3,0.3,0.3,0.3,0.3,0.3,0.3,0.3,0.3,0.3,0.3,0.3,0.3,0.3,0.3,0.3,0.3,0.3,0.3,0.3,0.3,0.3,0.3,0.3,0
0378GFP-S1-12_0001.nd2_(RGB).png,0.3,0.3,0.3,0.3,0.3,0.3,0.3,0.3,0.3,0.3,0.3,0.3,68.4308847463381,17.995486991305928,0.3,0.3,0.3,0.3,0.3,46.07887171574012,17.813137716635975,0.3,0.3,0.3,0.3,0.3,0.3,0.3,0.3,0.3,0.3,0.3,0.3,0.3,0.3,0.3,0.3,0.3,0.3,0.3,0.3,0.3,0.3,0.3,77.65750928209053,15.586159929209092,0.3,0.3,77.87049120924796,0.3,0.3,22.972678035935303,0.3,0.3,0.3,0.3,0.3,0.3,0.3,0.3,58.02853214890016,0.3,0.3,0.3,0.3,0.3,0.3,0.3,0.3,0.3,0.3,0.3,0.3,0.3,0.3,0.3,0.3,0.3,0,0.3,0.3,0.3,0.3,0.3,0.3,0.3,0.3,0.3,0.3,0.3,0.3,0.3,0.3,0.3,0.3,0.3,0.3,0.3,0.3,0.3,0.3,14.276378355958157,0.3,0.3,0.3,0.3,0.3,0.3,0.3,49.422454961266816,0.3,16.572067468086683,0.3,0.3,0.3,0.3,0.3,0.3,0.3,0.3,0.3,0.3,0.3,0.3,0.3,0.3,0.3,0.3,0.3,0.3,0.3,0.3,0.3,0.3,0.3,0.3,0.3,0.3,0.3,0.3,0.3,0.3,0.3,0.3,0.3,0.3,0.3,0.3,0.3,0.3,0.3,0.3,0.3,0.3,0.3,0.3,0.3,0.3,0.3,0.3,0.3,0
0378GFP-S7-07_0001.nd2_(RGB).png,0.3,0.3,0.3,0.3,0.3,0.3,0.3,0.3,0.3,0.3,0.3,0.3,0.3,0.3,0.3,0.3,0.3,0.3,0.3,0.3,0.3,0.3,0.3,0.3,0.3,0.3,0.3,0.3,0.3,0.3,0.3,0.3,0.3,0.3,0.3,0.3,0.3,0.3,0.3,0.3,0.3,0.3,0.3,0.3,0.3,0.3,0.3,0.3,0.3,0.3,0.3,0.3,0.3,0.3,0.3,0.3,0.3,0.3,0.3,0.3,0.3,0.3,0.3,0.3,0.3,0.3,0.3,0.3,0.3,0.3,0.3,0.3,0.3,0.3,0.3,0.3,0.3,0.3,0,0.3,0.3,0.3,0.3,0.3,0.3,0.3,0.3,0.3,0.3,0.3,105.0283854691262,190.05944658810444,0.3,127.19005113900512,0.3,0.3,0.3,0.3,0.3,0.3,0.3,0.3,0.3,0.3,0.3,0.3,0.3,0.3,0.3,0.3,0.3,0.3,0.3,0.3,0.3,0.3,0.3,0.3,0.3,0.3,0.3,0.3,0.3,0.3,0.3,0.3,0.3,0.3,0.3,0.3,0.3,0.3,0.3,0.3,0.3,0.3,0.3,0.3,0.3,0.3,0.3,0.3,0.3,0.3,0.3,0.3,0.3,0.3,0.3,0.3,0.3,0.3,0.3,0.3,0.3,0.3,0.3,0.3,0.3,0.3,0.3,0
0378GFP-S1-11_0001.nd2_(RGB).png,0.3,0.3,0.3,0.3,0.3,0.3,0.3,0.3,0.3,0.3,0.3,0.3,0.3,0.3,18.008805076333157,0.3,238.7580244625649,0.3,0.3,23.189435857870063,0.3,0.3,0.3,0.3,0.3,0.3,0.3,0.3,0.3,0.3,0.3,0.3,0.3,0.3,0.3,0.3,0.3,0.3,0.3,0.3,0.3,0.3,0.3,0.3,0.3,0.3,0.3,0.3,0.3,0.3,0.3,0.3,0.3,0.3,0.3,0.3,0.3,0.3,0.3,0.3,0.3,0.3,0.3,0.3,0.3,0.3,0.3,0.3,0.3,0.3,0.3,0.3,0.3,0.3,0.3,0.3,0.3,0.3,0,0.3,0.3,0.3,0.3,0.3,0.3,0.3,0.3,0.3,0.3,0.3,0.3,0.3,0.3,0.3,0.3,0.3,0.3,0.3,438.9206951966189,0.3,0.3,0.3,0.3,0.3,0.3,0.3,0.3,0.3,0.3,0.3,0.3,13.317653974469346,0.3,0.3,0.3,0.3,0.3,0.3,0.3,0.3,0.3,0.3,0.3,0.3,0.3,0.3,0.3,0.3,0.3,0.3,0.3,0.3,0.3,0.3,0.3,0.3,0.3,0.3,0.3,0.3,0.3,0.3,0.3,0.3,0.3,0.3,0.3,0.3,0.3,0.3,0.3,0.3,0.3,0.3,0.3,0.3,0.3,0.3,0.3,0.3,0.3,0
0378GFP-S1-01_0001.nd2_(RGB).png,0.3,0.3,0.3,0.3,0.3,0.3,0.3,0.3,0.3,0.3,0.3,0.3,0.3,0.3,0.3,0.3,0.3,0.3,0.3,0.3,0.3,0.3,0.3,0.3,0.3,0.3,0.3,0.3,0.3,0.3,0.3,0.3,0.3,0.3,0.3,0.3,0.3,0.3,0.3,0.3,0.3,0.3,0.3,0.3,0.3,0.3,0.3,0.3,0.3,0.3,0.3,0.3,0.3,0.3,0.3,0.3,0.3,0.3,0.3,0.3,0.3,0.3,0.3,0.3,0.3,0.3,0.3,0.3,0.3,0.3,0.3,0.3,0.3,0.3,0.3,0.3,0.3,0.3,0,0.3,0.3,0.3,0.3,0.3,0.3,0.3,0.3,0.3,0.3,0.3,0.3,0.3,0.3,0.3,0.3,0.3,0.3,0.3,0.3,0.3,0.3,0.3,0.3,0.3,0.3,0.3,0.3,0.3,0.3,0.3,0.3,0.3,0.3,0.3,0.3,0.3,0.3,0.3,0.3,0.3,0.3,0.3,0.3,0.3,0.3,0.3,0.3,0.3,0.3,0.3,0.3,0.3,0.3,0.3,0.3,0.3,0.3,0.3,0.3,0.3,0.3,0.3,0.3,0.3,0.3,0.3,0.3,0.3,0.3,0.3,0.3,0.3,0.3,0.3,0.3,0.3,0.3,0.3,0.3,0.3,0.3,0
0378GFP-S5-04_0001.nd2_(RGB).png,0.3,0.3,0.3,69.9916811357369,169.35574481263552,0.3,243.81361857785595,114.8633295336055,0.3,163.59319912053726,0.3,0.3,0.3,0.3,0.3,0.3,0.3,0.3,27.7586646948456,0.3,0.3,0.3,54.619039690068526,45.24179345320424,59.12507399637921,0.3,0.3,0.3,0.3,0.3,0.3,0.3,13.361666419413964,0.3,30.79341958260714,14.3,0.3,0.3,0.3,0.3,0.3,0.3,0.3,0.3,0.3,0.3,0.3,0.3,0.3,0.3,0.3,0.3,0.3,0.3,0.3,0.3,0.3,0.3,0.3,0.3,0.3,0.3,0.3,61.25279037048616,0.3,0.3,0.3,0.3,0.3,0.3,0.3,0.3,0.3,0.3,0.3,0.3,0.3,0.3,0,0.3,0.3,0.3,0.3,0.3,0.3,0.3,54.4086969450667,0.3,0.3,0.3,0.3,0.3,0.3,0.3,0.3,0.3,0.3,0.3,0.3,0.3,0.3,0.3,0.3,0.3,12.31566779634653,0.3,0.3,0.3,0.3,0.3,44.97357226926642,0.3,0.3,2.4032440171625136,0.3,0.3,0.3,0.3,0.3,0.3,0.3,0.3,0.3,0.3,0.3,0.3,0.3,0.3,0.3,0.3,0.3,0.3,0.3,0.3,30.291813636613377,0.3,0.3,0.3,0.3,0.3,0.3,0.3,0.3,0.3,0.3,0.3,0.3,33.72155854333504,0.3,0.3,0.3,0.3,0.3,0.3,0.3,0.3,0.3,0.3,0.3,0.3,0.3,0
0378GFP-S2-05_0001.nd2_(RGB).png,0.3,0.3,0.3,0.3,0.3,0.3,0.3,0.3,0.3,0.3,0.3,0.3,54.80470779707048,71.0819479652237,0.3,0.3,0.3,0.3,0.3,80.41302550254521,0.3,74.00130513051305,0.3,0.3,0.3,0.3,0.3,0.3,0.3,0.3,7.67475716088311,0.3,0.3,0.3,0.3,0.3,0.3,0.3,0.3,0.3,0.3,0.3,0.3,0.3,77.65750928209053,46.15847978762727,0.3,0.3,9.996311401155996,0.3,0.3,0.3,0.3,0.3,0.3,0.3,0.3,0.3,42.55477598538563,0.3,0.3,0.3,0.3,0.3,0.3,0.3,0.3,0.3,0.3,0.3,0.3,0.3,0.3,0.3,0.3,0.3,0.3,0.3,0,0.3,0.3,0.3,0.3,0.3,0.3,0.3,0.3,0.3,0.3,0.3,0.3,0.3,0.3,0.3,0.3,0.3,0.3,0.3,0.3,0.3,0.3,0.3,0.3,0.3,0.3,0.3,0.3,0.3,0.3,45.91370817831919,0.3,45.8617889106427,0.3,0.3,0.3,0.3,0.3,0.3,0.3,0.3,0.3,0.3,0.3,0.3,0.3,0.3,0.3,0.3,0.3,0.3,0.3,0.3,0.3,0.3,0.3,0.3,0.3,0.3,0.3,0.3,0.3,0.3,0.3,0.3,0.3,0.3,0.3,0.3,0.3,0.3,0.3,0.3,0.3,0.3,0.3,0.3,0.3,0.3,0.3,0.3,0.3,0
0378GFP-S4-03_0001.nd2_(RGB).png,36.555504267259984,91.63841623255658,90.90626481386808,0.3,0.3,0.3,0.3,0.3,0.3,0.3,0.3,0.3,0.3,0.3,0.3,0.3,0.3,0.3,0.3,0.3,70.3525508665439,0.3,36.51269312671235,11.53544836330106,10.104178999396536,0.3,0.3,0.3,0.3,0.3,66.67281444794799,0.3,26.42333283882793,0.3,0.3,0.3,0.3,0.3,0.3,0.3,0.3,0.3,0.3,0.3,0.3,92.01695957525456,0.3,0.3,0.3,0.3,0.3,0.3,0.3,0.3,105.6576184759574,105.46155256912122,0.3,0.3,14.38492532846188,0.3,0.3,0.3,0.3,0.3,0.3,830.8846551789721,0.3,0.3,0.3,100.76766297346045,0.3,0.3,0.3,0.3,0.3,0.3,0.3,0.3,0,0.3,0.3,0.3,0.3,0.3,0.3,0.3,0.3,0.3,0.3,0.3,0.3,0.3,0.3,0.3,0.3,0.3,0.3,0.3,0.3,28.364302856191017,103.24203062533002,0.3,0.3,0.3,0.3,0.3,0.3,199.1202942890443,0.3,31.87872104652867,12.483701527981752,0.3,0.3,48.67461239473781,104.64701991818632,0.3,0.3,0.3,0.3,0.3,46.32784195348994,0.3,0.3,0.3,3981.9265499635294,755.8446366782006,210.1993340203332,0.3,72.22960957162246,0.3,0.3,488.7404080171797,26.85347362071817,171.04788864560527,0.3,0.3,0.3,0.3,0.3,0.3,0.3,0.3,0.3,0.3,0.3,0.3,375.69864488247686,0.3,0.3,0.3,0.3,0.3,0.3,0.3,0.3,0.3,0.3,0.3,0.3,0.3,0.3,0
0378GFP-S3-02_0001.nd2_(RGB).png,0.3,0.3,0.3,0.3,0.3,0.3,0.3,0.3,0.3,0.3,0.3,0.3,82.05706169560573,0.3,0.3,0.3,0.3,0.3,0.3,137.6366151472204,0.3,123.13550855085508,0.3,0.3,0.3,0.3,0.3,0.3,0.3,0.3,74.04757160883109,0.3,0.3,0.3,0.3,0.3,0.3,0.3,0.3,0.3,0.3,0.3,0.3,0.3,0.3,15.586159929209092,0.3,0.3,29.388934203467983,0.3,0.3,0.3,0.3,0.3,0.3,0.3,0.3,0.3,28.46985065692376,0.3,0.3,0.3,0.3,0.3,0.3,0.3,0.3,0.3,0.3,0.3,0.3,0.3,0.3,0.3,0.3,0.3,0.3,0.3,0,0.3,0.3,0.3,0.3,0.3,0.3,0.3,0.3,0.3,0.3,0.3,0.3,0.3,0.3,0.3,0.3,0.3,0.3,0.3,0.3,0.3,0.3,0.3,0.3,0.3,0.3,0.3,0.3,0.3,0.3,7.31749356589526,0.3,81.6603373404334,0.3,0.3,0.3,0.3,0.3,0.3,0.3,0.3,0.3,0.3,0.3,0.3,0.3,0.3,0.3,0.3,0.3,0.3,0.3,0.3,0.3,0.3,0.3,0.3,0.3,0.3,0.3,0.3,0.3,0.3,0.3,0.3,0.3,0.3,0.3,0.3,0.3,0.3,0.3,0.3,0.3,0.3,0.3,0.3,0.3,0.3,0.3,0.3,0.3,0
