Filename,SSp-ll,SSp-tr,VISC,AUDpo,VISal,VISam,VISl,VISp,VISpl,VISpm,VISli,VISpor,ACAd,ACAv,PL,ILA,ORB,VISrl,TEa,AId,AIp,AIv,RSPagl,RSPd,RSPv,PTLp,PERI,ECT,TT,DP,PIR,NLOT,COA,PAA,TR,HPF,FC,ENTl,ENTm,PAR,POST,PRE,SUB,ProS,CLA,EP,LA,BMA,ACB,FS,LSc,LSr,LSv,SH,sAMY,MEA,GPe,GPi,SI,MA,NDB,SPF,PP,MG,SGN,AM,AD,MD,PT,RE,RH,PCN,SubG,SO,ASO,PVH,ARH,ADP,AHA,MEPO,PS,SCH,VMH,TU,ZI,VTA,RN,SOC,TRN,LDT,CN,PARN,RPA,DN,PVT,BLA,DMH,ENT,FRP,HY,LHA,LS,MPO,MPN,MBmot,NTS,PB,PeF,PH,SSp,RSP,MOs,SFO,TH,VAL,VP,LGd,LP,PO,POL,VM,VPL,VPM,IAM,LD,IMD,MTN,CL,PF,Xi,ILM,CM,GENd,GENv,VPLpc,VPMpc,LGd-sh,LGd-co,LGd-ip,LGv,IntG,SPFm,SPFp,SPA,ATN,APN,NOT,OP,PPT,RPF,CUN,III,IV,VI,XII,I5,IF,IPR,PRC,VTN
0377GFP-S1-9_0001.nd2_(RGB).png,0.3,0.3,0.3,0.3,0.3,0.3,0.3,0.3,0.3,0.3,0.3,0.3,0.3,0.3,88.84402538166577,0.3,159.2720163083766,0.3,0.3,68.96830757361019,0.3,147.7026102610261,0.3,0.3,0.3,0.3,0.3,0.3,59.35821639926,0.3,0.3,0.3,0.3,0.3,0.3,0.3,0.3,0.3,0.3,0.3,0.3,0.3,0.3,0.3,0.3,0.3,0.3,0.3,0.3,0.3,0.3,0.3,0.3,0.3,0.3,0.3,0.3,0.3,0.3,0.3,0.3,0.3,0.3,0.3,0.3,0.3,0.3,0.3,0.3,0.3,0.3,0.3,0.3,0.3,0.3,0.3,0.3,0.3,0,0.3,0.3,0.3,0.3,0.3,0.3,0.3,0.3,0.3,0.3,0.3,0.3,0.3,0.3,0.3,0.3,0.3,0.3,0.3,0.3,0.3,0.3,0.3,0.3,0.3,0.3,0.3,0.3,0.3,0.3,0.3,0.3,23.080894455321356,0.3,0.3,0.3,0.3,0.3,0.3,0.3,0.3,0.3,0.3,0.3,0.3,0.3,0.3,0.3,0.3,0.3,0.3,0.3,0.3,0.3,0.3,0.3,0.3,0.3,0.3,0.3,0.3,0.3,0.3,0.3,0.3,0.3,0.3,0.3,0.3,0.3,0.3,0.3,0.3,0.3,0.3,0.3,0.3,0.3,0.3,0.3,0.3
0377GFP-S1-4_0001.nd2_(RGB).png,0.3,0.3,0.3,0.3,0.3,0.3,0.3,0.3,0.3,0.3,0.3,0.3,0.3,0.3,71.13522030533262,0.3,79.7860081541883,0.3,0.3,34.63415378680509,0.3,0.3,0.3,0.3,0.3,0.3,0.3,0.3,0.3,0.3,0.3,0.3,0.3,0.3,0.3,0.3,0.3,0.3,0.3,0.3,0.3,0.3,0.3,0.3,0.3,0.3,0.3,0.3,0.3,0.3,0.3,0.3,0.3,0.3,0.3,0.3,0.3,0.3,0.3,0.3,0.3,0.3,0.3,0.3,0.3,0.3,0.3,0.3,0.3,0.3,0.3,0.3,0.3,0.3,0.3,0.3,0.3,0.3,0,0.3,0.3,0.3,0.3,0.3,0.3,0.3,0.3,0.3,0.3,0.3,0.3,0.3,0.3,0.3,0.3,0.3,0.3,0.3,175.74827807864756,0.3,0.3,0.3,0.3,0.3,0.3,0.3,0.3,0.3,0.3,0.3,0.3,16.572067468086683,0.3,0.3,0.3,0.3,0.3,0.3,0.3,0.3,0.3,0.3,0.3,0.3,0.3,0.3,0.3,0.3,0.3,0.3,0.3,0.3,0.3,0.3,0.3,0.3,0.3,0.3,0.3,0.3,0.3,0.3,0.3,0.3,0.3,0.3,0.3,0.3,0.3,0.3,0.3,0.3,0.3,0.3,0.3,0.3,0.3,0.3,0.3,0.3
0377GFP-S4-01_0001.nd2_(RGB).png,0.3,0.3,0.3,0.3,0.3,0.3,0.3,0.3,0.3,0.3,0.3,0.3,41.17853084780286,0.3,88.84402538166577,0.3,137.59401408450705,0.3,0.3,57.52358964467516,0.3,98.56840684068406,0.3,0.3,0.3,0.3,0.3,0.3,59.35821639926,0.3,0.3,0.3,0.3,0.3,0.3,0.3,0.3,0.3,0.3,0.3,0.3,0.3,0.3,0.3,0.3,0.3,0.3,0.3,0.3,0.3,0.3,0.3,0.3,0.3,0.3,0.3,0.3,0.3,0.3,0.3,0.3,0.3,0.3,0.3,0.3,0.3,0.3,0.3,0.3,0.3,0.3,0.3,0.3,0.3,0.3,0.3,0.3,0.3,0,0.3,0.3,0.3,0.3,0.3,0.3,0.3,0.3,0.3,0.3,0.3,0.3,0.3,0.3,0.3,0.3,0.3,0.3,0.3,44.16206951966189,0.3,0.3,0.3,0.3,0.3,0.3,0.3,0.3,0.3,0.3,0.3,0.3,26.33530794893869,0.3,0.3,0.3,0.3,0.3,0.3,0.3,0.3,0.3,0.3,0.3,0.3,0.3,0.3,0.3,0.3,0.3,0.3,0.3,0.3,0.3,0.3,0.3,0.3,0.3,0.3,0.3,0.3,0.3,0.3,0.3,0.3,0.3,0.3,0.3,0.3,0.3,0.3,0.3,0.3,0.3,0.3,0.3,0.3,0.3,0.3,0.3,0.3
0377GFP-S5-06_0001.nd2_(RGB).png,0.3,0.3,0.3,0.3,0.3,162.11923282148575,0.3,6.329648922821342,0.3,0.3,0.3,0.3,0.3,0.3,0.3,0.3,0.3,252.14821222606693,68.946661737114,0.3,0.3,0.3,0.3,0.3,19.90835799879307,174.08546505704973,54.27814693958271,149.77453450164293,0.3,0.3,33.48640722397399,0.3,26.42333283882793,36.10017051416579,0.3,5.3,0.3,20.35774902506418,0.3,0.3,0.3,0.3,40.847058954608585,0.3,0.3,15.586159929209092,0.3,0.3,0.3,0.3,0.3,0.3,0.3,0.3,0.3,0.3,0.3,0.3,0.3,0.3,0.3,0.3,0.3,0.3,0.3,0.3,0.3,0.3,0.3,0.3,0.3,0.3,0.3,0.3,0.3,0.3,0.3,0.3,0,0.3,0.3,0.3,0.3,0.3,95.03400147511825,0.3,0.3,0.3,0.3,0.3,0.3,0.3,0.3,0.3,0.3,0.3,0.3,11.513675997912898,0.3,76.07361771171574,41.476812250132,0.3,0.3,0.3,0.3,0.3,0.3,0.3,0.3,5.563120174421445,8.42246768532117,0.3,0.3,4.506488034325027,0.3,0.3,59.34480162679012,0.3,0.3,0.3,0.3,0.3,0.3,0.3,0.3,0.3,0.3,0.3,0.3,0.3,0.3,0.3,30.291813636613377,0.3,0.3,0.3,205.8429625724829,102.094092417857,0.3,0.3,0.3,0.3,0.3,0.3,0.3,0.3,0.3,0.3,0.3,0.3,0.3,0.3,0.3,0.3,0.3,0.3,0.3,0.3,0.3,0.3
0377GFP-S2-07_0001.nd2_(RGB).png,0.3,0.3,90.90626481386808,0.3,0.3,0.3,0.3,0.3,0.3,0.3,0.3,0.3,0.3,0.3,0.3,0.3,0.3,0.3,0.3,0.3,70.3525508665439,0.3,36.51269312671235,11.53544836330106,0.3,0.3,0.3,0.3,0.3,0.3,55.61067870662332,401.7814905614121,26.42333283882793,107.70051154249737,0.3,0.3,0.3,0.3,0.3,0.3,0.3,0.3,0.3,0.3,0.3,122.58927943367271,51.14584575260805,86.43008583329826,0.3,0.3,0.3,0.3,0.3,0.3,52.9788092379787,21.332310513824243,0.3,0.3,0.3,0.3,0.3,0.3,0.3,0.3,0.3,311.76924569211457,0.3,0.3,0.3,0.3,0.3,0.3,0.3,0.3,0.3,0.3,0.3,0.3,0,0.3,0.3,0.3,0.3,0.3,0.3,0.3,0.3,0.3,0.3,0.3,0.3,0.3,0.3,0.3,0.3,90.07346171873073,0.3,0.3,0.3,3.1064302856191017,0.3,0.3,0.3,0.3,0.3,0.3,0.3,199.1202942890443,0.3,9.071866957369076,12.483701527981752,0.3,0.3,48.67461239473781,0.3,0.3,0.3,0.3,0.3,0.3,138.38352586046983,0.3,0.3,995.7066374908826,755.9376024731993,0.3,0.3,0.3,0.3,0.3,0.3,0.3,0.3,0.3,0.3,0.3,0.3,0.3,0.3,0.3,0.3,0.3,0.3,0.3,415.21429171221126,0.3,0.3,0.3,0.3,0.3,0.3,0.3,0.3,0.3,0.3,0.3,0.3,0.3,0.3,0.3
0377GFP-S5-05_0001.nd2_(RGB).png,0.3,0.3,0.3,0.3,0.3,0.3,0.3,18.388946768464027,0.3,41.12329978013431,0.3,0.3,0.3,0.3,0.3,0.3,0.3,168.19880815071127,27.7586646948456,0.3,0.3,0.3,0.3,0.3,0.3,69.81418602281988,0.3,124.86211208470245,0.3,0.3,22.42427148264933,0.3,39.484999258241885,36.10017051416579,0.3,8.3,0.3,27.04366536675224,0.3,0.3,0.3,0.3,20.57352947730429,0.3,0.3,30.872319858418184,0.3,57.72005722219885,0.3,0.3,0.3,0.3,0.3,0.3,0.3,0.3,0.3,0.3,0.3,0.3,0.3,0.3,0.3,0.3,0.3,0.3,0.3,0.3,0.3,0.3,0.3,0.3,0.3,0.3,0.3,0.3,0.3,0.3,0,0.3,0.3,0.3,0.3,0.3,284.5020044253547,0.3,0.3,0.3,0.3,0.3,0.3,0.3,0.3,0.3,0.3,22.743365429682683,0.3,15.251567997217196,0.3,106.94435085352586,82.653624500264,0.3,0.3,0.3,18.323501694519795,0.3,0.3,0.3,120.93401913769864,3.80874678294763,0.3,0.3,0.3,2.4032440171625136,0.3,0.3,59.34480162679012,0.3,0.3,0.3,0.3,0.3,0.3,0.3,0.3,0.3,0.3,0.3,0.3,0.3,0.3,0.3,30.291813636613377,0.3,0.3,0.3,205.8429625724829,0.3,0.3,0.3,0.3,0.3,0.3,0.3,0.3,33.72155854333504,0.3,0.3,0.3,0.3,0.3,0.3,0.3,0.3,0.3,0.3,0.3,0.3,249.15165937272067,0.3
0377GFP-S2-04_0001.nd2_(RGB).png,18.427752133629998,91.63841623255658,163.3912766649626,0.3,0.3,0.3,0.3,0.3,0.3,0.3,0.3,0.3,0.3,0.3,0.3,0.3,0.3,0.3,0.3,0.3,157.9182394497238,0.3,0.3,22.77089672660212,0.3,0.3,0.3,0.3,0.3,0.3,88.79708593059732,0.3,52.54666567765585,0.3,0.3,0.3,0.3,0.3,0.3,0.3,0.3,0.3,0.3,0.3,0.3,153.16159929209093,101.9916915052161,115.1401144443977,0.3,0.3,0.3,0.3,0.3,0.3,84.58609478076592,147.52617359676972,0.3,0.3,0.3,0.3,0.3,0.3,0.3,0.3,0.3,0.3,0.3,31.246336651624755,0.3,0.3,1405.0375193000514,536.9506095163193,0.3,0.3,0.3,0.3,0.3,0.3,0,0.3,0.3,0.3,0.3,0.3,23.98350036877956,0.3,0.3,0.3,0.3,0.3,0.3,0.3,0.3,0.3,0.3,112.5168271484134,0.3,0.3,0.3,25.55787257057192,41.476812250132,0.3,0.3,0.3,0.3,0.3,0.3,0.3,0.3,30.12434765505485,8.42246768532117,0.3,0.3,103.35895684096316,365.5145697136522,0.3,0.3,0.3,0.3,0.3,368.5227356279196,0.3,0.3,0.3,1091.7765369057324,0.3,0.3,0.3,0.3,0.3,292.38820982789986,1195.5352205192366,0.3,0.3,0.3,0.3,0.3,0.3,0.3,0.3,0.3,0.3,0.3,0.3,514.0034087865472,0.3,0.3,0.3,0.3,0.3,0.3,0.3,0.3,0.3,0.3,0.3,0.3,0.3,0.3,0.3
0377GFP-S4-02_0001.nd2_(RGB).png,0.3,0.3,0.3,0.3,0.3,0.3,0.3,0.3,0.3,0.3,0.3,0.3,0.3,0.3,18.008805076333157,0.3,21.97800222386953,0.3,0.3,57.52358964467516,0.3,123.13550855085508,0.3,0.3,0.3,0.3,0.3,0.3,29.82910819963,0.3,22.42427148264933,0.3,0.3,0.3,0.3,0.3,0.3,0.3,0.3,0.3,0.3,0.3,0.3,0.3,0.3,92.01695957525456,0.3,0.3,0.3,0.3,0.3,0.3,0.3,0.3,0.3,0.3,0.3,0.3,0.3,0.3,0.3,0.3,0.3,0.3,0.3,0.3,0.3,0.3,0.3,0.3,0.3,0.3,0.3,0.3,0.3,0.3,0.3,0.3,0,0.3,0.3,0.3,0.3,0.3,0.3,0.3,0.3,0.3,0.3,0.3,0.3,0.3,0.3,0.3,0.3,0.3,0.3,0.3,0.3,0.3,0.3,0.3,0.3,0.3,0.3,0.3,0.3,0.3,0.3,0.3,0.3,19.826480961704014,0.3,0.3,0.3,0.3,0.3,0.3,0.3,0.3,0.3,0.3,0.3,0.3,0.3,0.3,0.3,0.3,0.3,0.3,0.3,0.3,0.3,0.3,0.3,0.3,0.3,0.3,0.3,0.3,0.3,0.3,0.3,0.3,0.3,0.3,0.3,0.3,0.3,0.3,0.3,0.3,0.3,0.3,0.3,0.3,0.3,0.3,0.3,0.3
0377GFP-S3-03_0001.nd2_(RGB).png,36.555504267259984,0.3,36.54250592554724,0.3,0.3,0.3,0.3,0.3,0.3,0.3,0.3,0.3,68.4308847463381,0.3,0.3,0.3,0.3,0.3,0.3,0.3,105.37882629981584,0.3,0.3,0.3,0.3,0.3,0.3,0.3,0.3,0.3,18.73689290220777,0.3,0.3,0.3,0.3,0.3,0.3,0.3,0.3,0.3,0.3,0.3,0.3,0.3,232.3725278462716,153.16159929209093,0.3,0.3,0.3,99.07338689248364,0.3,0.3,0.3,0.3,0.3,0.3,0.3,0.3,28.46985065692376,0.3,58.02853214890016,0.3,0.3,0.3,0.3,0.3,0.3,0.3,0.3,0.3,0.3,0.3,0.3,0.3,0.3,0.3,0.3,0.3,0,0.3,0.3,0.3,0.3,0.3,0.3,0.3,0.3,0.3,0.3,0.3,0.3,0.3,0.3,0.3,0.3,0.3,0.3,0.3,0.3,3.1064302856191017,0.3,0.3,0.3,105.69871022551746,0.3,0.3,0.3,0.3,0.3,70.4749356589526,0.3,32.84413493617336,0.3,0.3,0.3,0.3,0.3,0.3,0.3,0.3,0.3,0.3,0.3,0.3,0.3,0.3,0.3,0.3,0.3,0.3,0.3,0.3,0.3,0.3,0.3,0.3,0.3,0.3,0.3,0.3,0.3,0.3,0.3,0.3,0.3,0.3,0.3,0.3,0.3,0.3,0.3,0.3,0.3,0.3,0.3,0.3,0.3,0.3,0.3,0.3
0377GFP-S1-10_0001.nd2_(RGB).png,0.3,0.3,0.3,0.3,0.3,0.3,0.3,0.3,0.3,0.3,0.3,0.3,0.3,0.3,18.008805076333157,0.3,332.69603409933285,0.3,0.3,137.6366151472204,0.3,24.867101710171017,0.3,0.3,0.3,0.3,0.3,0.3,0.3,0.3,0.3,0.3,0.3,0.3,0.3,0.3,0.3,0.3,0.3,0.3,0.3,0.3,0.3,0.3,0.3,0.3,0.3,0.3,0.3,0.3,0.3,0.3,0.3,0.3,0.3,0.3,0.3,0.3,0.3,0.3,0.3,0.3,0.3,0.3,0.3,0.3,0.3,0.3,0.3,0.3,0.3,0.3,0.3,0.3,0.3,0.3,0.3,0.3,0,0.3,0.3,0.3,0.3,0.3,0.3,0.3,0.3,0.3,0.3,0.3,0.3,0.3,0.3,0.3,0.3,0.3,0.3,0.3,0.3,0.3,0.3,0.3,0.3,0.3,0.3,0.3,0.3,0.3,0.3,0.3,0.3,29.589721442556023,0.3,0.3,0.3,0.3,0.3,0.3,0.3,0.3,0.3,0.3,0.3,0.3,0.3,0.3,0.3,0.3,0.3,0.3,0.3,0.3,0.3,0.3,0.3,0.3,0.3,0.3,0.3,0.3,0.3,0.3,0.3,0.3,0.3,0.3,0.3,0.3,0.3,0.3,0.3,0.3,0.3,0.3,0.3,0.3,0.3,0.3,0.3,0.3
0377GFP-S1-7_0001.nd2_(RGB).png,0.3,0.3,0.3,0.3,0.3,0.3,0.3,0.3,0.3,0.3,0.3,0.3,0.3,0.3,0.3,0.3,0.3,0.3,0.3,0.3,0.3,0.3,0.3,0.3,0.3,0.3,0.3,0.3,0.3,0.3,0.3,0.3,0.3,0.3,0.3,0.3,0.3,0.3,0.3,0.3,0.3,0.3,0.3,0.3,0.3,0.3,0.3,0.3,0.3,0.3,0.3,0.3,0.3,0.3,0.3,0.3,0.3,0.3,0.3,0.3,0.3,0.3,0.3,0.3,0.3,0.3,0.3,0.3,0.3,0.3,0.3,0.3,0.3,0.3,0.3,0.3,0.3,0.3,0,0.3,0.3,0.3,0.3,0.3,0.3,0.3,0.3,0.3,0.3,0.3,0.3,0.3,0.3,0.3,0.3,0.3,0.3,0.3,0.3,0.3,0.3,0.3,0.3,0.3,0.3,0.3,0.3,0.3,0.3,0.3,0.3,0.3,0.3,0.3,0.3,0.3,0.3,0.3,0.3,0.3,0.3,0.3,0.3,0.3,0.3,0.3,0.3,0.3,0.3,0.3,0.3,0.3,0.3,0.3,0.3,0.3,0.3,0.3,0.3,0.3,0.3,0.3,0.3,0.3,0.3,0.3,0.3,0.3,0.3,0.3,0.3,0.3,0.3,0.3,0.3,0.3,0.3,0.3,0.3,0.3
0377GFP-S1-1_0001.nd2_(RGB).png,0.3,0.3,0.3,0.3,0.3,0.3,0.3,0.3,0.3,0.3,0.3,0.3,0.3,0.3,0.3,0.3,0.3,0.3,0.3,0.3,0.3,0.3,0.3,0.3,0.3,0.3,0.3,0.3,0.3,0.3,0.3,0.3,0.3,0.3,0.3,0.3,0.3,0.3,0.3,0.3,0.3,0.3,0.3,0.3,0.3,0.3,0.3,0.3,0.3,0.3,0.3,0.3,0.3,0.3,0.3,0.3,0.3,0.3,0.3,0.3,0.3,0.3,0.3,0.3,0.3,0.3,0.3,1733.2948524909862,0.3,0.3,0.3,1252.4847555380784,0.3,0.3,0.3,0.3,0.3,0.3,0,0.3,0.3,0.3,0.3,0.3,23.98350036877956,0.3,0.3,0.3,0.3,0.3,0.3,0.3,0.3,0.3,384.3175870559268,0.3,0.3,0.3,0.3,3.1064302856191017,0.3,0.3,0.3,0.3,0.3,0.3,0.3,0.3,0.3,0.3,0.3,0.3,0.3,290.5476743684269,261.16754979546585,75.52544993523136,0.3,106.56730951423046,204.64776640878463,0.3,874.8289971163089,48.94295770882714,104.01853090383996,0.3,42.27986680406663,484.6664596273292,144.15921914324494,354.1248638838476,0.3,0.3,425.1555779314907,1024.7873318736315,0.3,0.3,0.3,0.3,0.3,0.3,0.3,0.3,0.3,0.3,0.3,0.3,20.0578234148672,0.3,0.3,0.3,0.3,0.3,0.3,0.3,0.3,0.3,0.3,0.3,0.3,0.3,0.3,0.3
0377GFP-S2-02_0001.nd2_(RGB).png,0.3,0.3,0.3,0.3,0.3,269.9987213691429,0.3,0.3,0.3,0.3,0.3,0.3,0.3,0.3,0.3,0.3,0.3,881.7687427912341,110.1346587793824,0.3,0.3,0.3,145.15077250684942,269.95076071922546,108.14596899336188,712.8204067339038,108.25629387916544,174.68695691858343,0.3,0.3,88.79708593059732,0.3,300.7183276465212,36.10017051416579,0.3,13.3,691.8138079554091,33.72958170844029,0.3,0.3,0.3,0.3,0.3,0.3,0.3,92.01695957525456,457.91261177347246,229.9802288887954,0.3,0.3,0.3,0.3,0.3,0.3,506.01656868459554,862.624731066794,0.3,0.3,0.3,0.3,0.3,0.3,0.3,0.3,0.3,0.3,0.3,0.3,0.3,0.3,0.3,0.3,0.3,0.3,0.3,0.3,298.1886766712142,0.3,0,0.3,0.3,0.3,0.3,81.77477611940297,545.0205084819297,0.3,0.3,0.3,0.3,0.3,0.3,0.3,0.3,0.3,96.3043967639817,292.06375058587486,227.1077945820176,18.989459996521497,0.3,334.26520398867314,309.12609187599,0.3,0.3,0.3,6.307833898173264,0.3,0.3,0.3,3197.1015071490137,49.422454961266816,166.81058754908395,0.3,0.3,168.5595213730011,0.3,421.5625196372957,708.8376195214813,283.6794920379479,136.5318442725231,0.3,598.6619453953692,535.3725347970986,363.3148581634398,0.3,0.3,0.3,36.26480478581123,0.3,697.1322961544598,0.3,212.72778896574536,0.3,360.20176363936054,163.34689366786142,1294.6748024027822,597.2827209098862,822.4718502899315,1018.24092417857,445.2633192044344,105.71499304804571,0.3,0.3,0.3,0.3,0.3,0.3,0.3,0.3,0.3,0.3,0.3,0.3,0.3,0.3,0.3,0.3,0.3,0.3,746.8549781181619,0.3
0377GFP-S5-03_0001.nd2_(RGB).png,0.3,0.3,0.3,697.216811357369,1240.0421286259937,0.3,0.3,114.8633295336055,0.3,204.4164989006716,0.3,0.3,0.3,0.3,0.3,0.3,0.3,42.27470203767781,41.4879970422684,0.3,0.3,0.3,18.406346563356177,34.00634508990318,49.32089499698267,17.678546505704972,54.27814693958271,25.212422416940488,0.3,0.3,11.362135741324666,0.3,39.484999258241885,0.3,61.28683916521428,10.3,0.3,47.10141439181641,0.3,0.3,0.3,0.3,0.3,0.3,0.3,15.586159929209092,0.3,0.3,0.3,0.3,0.3,0.3,0.3,0.3,0.3,0.3,0.3,0.3,0.3,0.3,0.3,0.3,0.3,61.25279037048616,0.3,0.3,0.3,0.3,0.3,0.3,0.3,0.3,0.3,0.3,0.3,0.3,0.3,0.3,0,0.3,0.3,0.3,0.3,0.3,0.3,0.3,54.4086969450667,0.3,0.3,0.3,0.3,0.3,0.3,0.3,0.3,0.3,0.3,26.46524399513009,0.3,3.1064302856191017,0.3,0.3,0.3,0.3,56.373116382950464,0.3,0.3,0.3,0.3,0.3,36.85110458394525,0.3,0.3,12.919464102975082,0.3,0.3,0.3,0.3,0.3,415.4502015362385,0.3,0.3,0.3,0.3,0.3,0.3,0.3,0.3,0.3,0.3,53.406947241436335,0.3,30.291813636613377,0.3,0.3,0.3,0.3,0.3,0.3,0.3,0.3,0.3,0.3,0.3,0.3,67.14311708667009,0.3,0.3,0.3,0.3,0.3,0.3,0.3,0.3,0.3,0.3,0.3,0.3,0.3,0.3
0377GFP-S3-08_0001.nd2_(RGB).png,18.427752133629998,0.3,54.66375888832086,0.3,0.3,0.3,0.3,0.3,0.3,0.3,0.3,0.3,0.3,0.3,0.3,0.3,0.3,0.3,0.3,0.3,122.89196401645182,0.3,0.3,0.3,0.3,0.3,0.3,0.3,0.3,0.3,81.42232876971421,0.3,0.3,0.3,0.3,0.3,0.3,0.3,0.3,0.3,0.3,0.3,0.3,0.3,77.65750928209053,76.73079964604545,0.3,0.3,0.3,0.3,0.3,0.3,0.3,0.3,10.83576184759574,0.3,0.3,0.3,0.3,0.3,0.3,0.3,0.3,0.3,0.3,0.3,0.3,0.3,0.3,0.3,0.3,0.3,0.3,0.3,0.3,452.3379264657171,0.3,0.3,0,0.3,0.3,0.3,0.3,0.3,0.3,0.3,0.3,0.3,0.3,0.3,0.3,0.3,0.3,0.3,0.3,0.3,0.3,0.3,0.3,5.912860571238204,0.3,0.3,0.3,0.3,0.3,0.3,0.3,0.3,0.3,37.14184122095011,0.3,16.572067468086683,0.3,33.95190427460022,0.3,0.3,0.3,0.3,0.3,0.3,0.3,0.3,0.3,0.3,0.3,0.3,0.3,0.3,0.3,0.3,0.3,0.3,0.3,0.3,0.3,0.3,0.3,0.3,0.3,0.3,0.3,0.3,0.3,0.3,178.12041073380482,0.3,0.3,0.3,0.3,0.3,0.3,0.3,0.3,0.3,0.3,0.3,0.3,0.3,0.3,0.3
0377GFP-S3-05_0001.nd2_(RGB).png,0.3,0.3,0.3,0.3,0.3,0.3,0.3,0.3,0.3,0.3,0.3,0.3,95.68323864487334,0.3,0.3,0.3,0.3,0.3,0.3,23.189435857870063,105.37882629981584,49.43420342034203,0.3,0.3,0.3,0.3,0.3,0.3,0.3,0.3,48.23592154574021,0.3,0.3,0.3,0.3,0.3,0.3,0.3,0.3,0.3,0.3,0.3,0.3,0.3,0.3,76.73079964604545,0.3,0.3,29.388934203467983,0.3,0.3,22.972678035935303,0.3,0.3,0.3,0.3,0.3,0.3,28.46985065692376,117.2761710881584,115.75706429780033,0.3,0.3,0.3,0.3,0.3,0.3,0.3,0.3,0.3,0.3,0.3,0.3,0.3,0.3,0.3,0.3,0.3,0,0.3,0.3,0.3,0.3,0.3,0.3,0.3,0.3,0.3,0.3,0.3,0.3,0.3,0.3,0.3,0.3,0.3,0.3,0.3,0.3,8.719290856857306,0.3,14.276378355958157,76.87188946556319,0.3,0.3,0.3,0.3,0.3,0.3,116.0886438372718,0.3,71.8970968595814,0.3,0.3,0.3,0.3,0.3,0.3,0.3,0.3,0.3,0.3,0.3,0.3,0.3,0.3,0.3,0.3,0.3,0.3,0.3,0.3,0.3,0.3,0.3,0.3,0.3,0.3,0.3,0.3,0.3,0.3,0.3,0.3,0.3,0.3,0.3,0.3,0.3,0.3,0.3,0.3,0.3,0.3,0.3,0.3,0.3,0.3,0.3,0.3
0377GFP-S4-04_0001.nd2_(RGB).png,0.3,0.3,0.3,0.3,0.3,0.3,0.3,0.3,0.3,0.3,0.3,0.3,204.69265423901436,17.995486991305928,0.3,0.3,0.3,0.3,0.3,23.189435857870063,0.3,74.00130513051305,0.3,0.3,0.3,0.3,0.3,0.3,0.3,0.3,37.17378580441554,0.3,0.3,0.3,0.3,0.3,0.3,0.3,0.3,0.3,0.3,0.3,0.3,0.3,77.65750928209053,76.73079964604545,0.3,0.3,58.47786840693597,0.3,0.3,0.3,0.3,0.3,0.3,0.3,0.3,0.3,42.55477598538563,0.3,0.3,0.3,0.3,0.3,0.3,0.3,0.3,0.3,0.3,0.3,0.3,0.3,0.3,0.3,0.3,0.3,0.3,0.3,0,0.3,0.3,0.3,0.3,0.3,0.3,0.3,0.3,0.3,0.3,0.3,0.3,0.3,0.3,0.3,0.3,0.3,0.3,0.3,0.3,0.3,0.3,0.3,0.3,0.3,0.3,0.3,0.3,0.3,0.3,45.91370817831919,0.3,32.84413493617336,0.3,0.3,0.3,0.3,0.3,0.3,0.3,0.3,0.3,0.3,0.3,0.3,0.3,0.3,0.3,0.3,0.3,0.3,0.3,0.3,0.3,0.3,0.3,0.3,0.3,0.3,0.3,0.3,0.3,0.3,0.3,0.3,0.3,0.3,0.3,0.3,0.3,0.3,0.3,0.3,0.3,0.3,0.3,0.3,0.3,0.3,0.3,0.3
0377GFP-S4-09_0001.nd2_(RGB).png,0.3,0.3,0.3,0.3,0.3,0.3,0.3,0.3,0.3,0.3,0.3,0.3,109.30941559414096,0.3,0.3,0.3,0.3,0.3,0.3,46.07887171574012,0.3,49.43420342034203,0.3,0.3,0.3,0.3,0.3,0.3,0.3,0.3,40.86116438485711,0.3,0.3,0.3,0.3,0.3,0.3,0.3,0.3,0.3,0.3,0.3,0.3,0.3,0.3,15.586159929209092,0.3,0.3,0.3,0.3,0.3,0.3,0.3,0.3,0.3,0.3,0.3,0.3,0.3,0.3,0.3,0.3,0.3,0.3,0.3,0.3,0.3,0.3,0.3,0.3,0.3,0.3,0.3,0.3,0.3,0.3,0.3,0.3,0,0.3,0.3,0.3,0.3,0.3,0.3,0.3,0.3,0.3,0.3,0.3,0.3,0.3,0.3,0.3,0.3,0.3,0.3,0.3,0.3,0.3,0.3,0.3,0.3,0.3,0.3,0.3,0.3,0.3,0.3,52.93120174421445,0.3,45.8617889106427,0.3,0.3,0.3,0.3,0.3,0.3,0.3,0.3,0.3,0.3,0.3,0.3,0.3,0.3,0.3,0.3,0.3,0.3,0.3,0.3,0.3,0.3,0.3,0.3,0.3,0.3,0.3,0.3,0.3,0.3,0.3,0.3,0.3,0.3,0.3,0.3,0.3,0.3,0.3,0.3,0.3,0.3,0.3,0.3,0.3,0.3,0.3,0.3
0377GFP-S3-06_0001.nd2_(RGB).png,72.81100853451997,0.3,127.14877073941534,0.3,0.3,0.3,0.3,0.3,0.3,0.3,0.3,0.3,0.3,17.995486991305928,0.3,0.3,0.3,0.3,0.3,0.3,17.813137716635975,0.3,0.3,0.3,0.3,0.3,0.3,0.3,0.3,0.3,59.29805728706488,0.3,0.3,0.3,0.3,0.3,0.3,0.3,0.3,0.3,0.3,0.3,0.3,0.3,77.65750928209053,92.01695957525456,0.3,0.3,0.3,0.3,0.3,0.3,0.3,0.3,21.37152369519148,0.3,0.3,0.3,0.3,0.3,0.3,0.3,0.3,0.3,0.3,0.3,0.3,0.3,1299.4863865089078,100.76766297346045,0.3,0.3,0.3,0.3,0.3,0.3,0.3,0.3,0,0.3,0.3,0.3,0.3,0.3,0.3,0.3,0.3,0.3,0.3,0.3,0.3,0.3,0.3,0.3,768.3351741118536,0.3,0.3,0.3,0.3,14.332151428095507,0.3,0.3,0.3,105.69871022551746,0.3,0.3,0.3,0.3,0.3,33.63309443800248,0.3,26.33530794893869,0.3,50.77785641190032,0.3,0.3,0.3,0.3,0.3,0.3,0.3,0.3,0.3,0.3,0.3,0.3,467.842462215546,0.3,0.3,0.3,0.3,0.3,0.3,0.3,0.3,0.3,0.3,0.3,0.3,0.3,0.3,0.3,0.3,0.3,158.3625873189376,0.3,0.3,0.3,0.3,0.3,0.3,0.3,0.3,0.3,0.3,0.3,0.3,0.3,0.3,0.3
0377GFP-S4-07_0001.nd2_(RGB).png,0.3,0.3,0.3,0.3,0.3,0.3,0.3,0.3,0.3,0.3,0.3,0.3,0.3,0.3,0.3,0.3,43.656004447739065,0.3,0.3,57.52358964467516,0.3,221.4039153915392,0.3,0.3,0.3,0.3,0.3,0.3,0.3,0.3,29.79902864353244,0.3,0.3,0.3,0.3,0.3,0.3,0.3,0.3,0.3,0.3,0.3,0.3,0.3,0.3,61.44463971683636,0.3,0.3,0.3,0.3,0.3,0.3,0.3,0.3,0.3,0.3,0.3,0.3,0.3,0.3,0.3,0.3,0.3,0.3,0.3,0.3,0.3,0.3,0.3,0.3,0.3,0.3,0.3,0.3,0.3,0.3,0.3,0.3,0,0.3,0.3,0.3,0.3,0.3,0.3,0.3,0.3,0.3,0.3,0.3,0.3,0.3,0.3,0.3,0.3,0.3,0.3,0.3,0.3,0.3,0.3,0.3,0.3,0.3,0.3,0.3,0.3,0.3,0.3,0.3,0.3,29.589721442556023,0.3,0.3,0.3,0.3,0.3,0.3,0.3,0.3,0.3,0.3,0.3,0.3,0.3,0.3,0.3,0.3,0.3,0.3,0.3,0.3,0.3,0.3,0.3,0.3,0.3,0.3,0.3,0.3,0.3,0.3,0.3,0.3,0.3,0.3,0.3,0.3,0.3,0.3,0.3,0.3,0.3,0.3,0.3,0.3,0.3,0.3,0.3,0.3
0377GFP-S2-01_0001.nd2_(RGB).png,0.3,91.63841623255658,145.27002370218898,0.3,0.3,0.3,0.3,0.3,0.3,0.3,0.3,0.3,0.3,0.3,0.3,0.3,0.3,0.3,0.3,0.3,70.3525508665439,0.3,36.51269312671235,22.77089672660212,10.104178999396536,0.3,0.3,0.3,0.3,0.3,51.923300126181765,0.3,117.85499777472567,36.10017051416579,0.3,0.3,0.3,0.3,0.3,0.3,0.3,0.3,0.3,0.3,0.3,183.7339191505091,0.3,86.43008583329826,0.3,0.3,0.3,0.3,0.3,0.3,168.87218956153183,315.7846577073637,0.3,0.3,0.3,0.3,0.3,0.3,0.3,0.3,0.3,0.3,0.3,0.3,0.3,201.2353259469209,2809.775038600103,0.3,0.3,0.3,0.3,0.3,0.3,0.3,0,0.3,0.3,0.3,388.3413147942791,0.3,23.98350036877956,0.3,0.3,0.3,0.3,0.3,0.3,0.3,0.3,0.3,96.3043967639817,381.8372123046056,0.3,0.3,0.3,25.55787257057192,82.653624500264,0.3,0.3,0.3,0.3,0.3,0.3,0.3,0.3,19.598107306211965,20.60616921330292,0.3,0.3,69.70705256636295,0.3,0.3,0.3,0.3,0.3,0.3,0.3,0.3,0.3,0.3,755.9376024731993,0.3,108.19441435743369,0.3,0.3,0.3,159.62084172430903,512.5436659368157,0.3,0.3,0.3,0.3,0.3,0.3,0.3,0.3,0.3,0.3,0.3,0.3,355.9408214676096,0.3,0.3,0.3,0.3,0.3,0.3,0.3,0.3,0.3,0.3,0.3,0.3,0.3,0.3,0.3
0377GFP-S1-2_0001.nd2_(RGB).png,0.3,0.3,0.3,0.3,0.3,0.3,0.3,0.3,0.3,0.3,0.3,0.3,0.3,0.3,0.3,0.3,0.3,0.3,0.3,0.3,0.3,0.3,0.3,0.3,0.3,0.3,0.3,0.3,0.3,0.3,0.3,0.3,0.3,0.3,0.3,0.3,0.3,0.3,0.3,0.3,0.3,0.3,0.3,0.3,0.3,0.3,0.3,0.3,0.3,0.3,0.3,0.3,0.3,0.3,0.3,0.3,0.3,0.3,0.3,0.3,0.3,0.3,0.3,0.3,0.3,0.3,0.3,0.3,0.3,0.3,0.3,0.3,0.3,0.3,0.3,0.3,0.3,0.3,0,0.3,0.3,0.3,0.3,0.3,0.3,0.3,0.3,0.3,0.3,0.3,0.3,0.3,0.3,0.3,0.3,0.3,0.3,0.3,0.3,0.3,0.3,0.3,0.3,0.3,0.3,0.3,0.3,0.3,0.3,0.3,0.3,0.3,0.3,0.3,0.3,0.3,0.3,0.3,0.3,0.3,0.3,0.3,0.3,0.3,0.3,0.3,0.3,0.3,0.3,0.3,0.3,0.3,0.3,0.3,0.3,0.3,0.3,0.3,0.3,0.3,0.3,0.3,0.3,0.3,0.3,0.3,0.3,0.3,0.3,0.3,0.3,0.3,0.3,0.3,0.3,0.3,0.3,0.3,0.3,0.3
0377GFP-S5-01_0001.nd2_(RGB).png,0.3,0.3,72.78501185109448,0.3,0.3,0.3,0.3,0.3,0.3,0.3,0.3,0.3,0.3,0.3,0.3,0.3,0.3,0.3,0.3,0.3,17.813137716635975,0.3,0.3,0.3,0.3,0.3,0.3,0.3,0.3,0.3,48.23592154574021,0.3,0.3,0.3,0.3,0.3,0.3,0.3,0.3,0.3,0.3,0.3,0.3,0.3,77.65750928209053,46.15847978762727,0.3,0.3,0.3,0.3,0.3,0.3,0.3,0.3,10.83576184759574,0.3,0.3,0.3,0.3,0.3,58.02853214890016,0.3,0.3,0.3,0.3,0.3,0.3,0.3,0.3,0.3,0.3,0.3,0.3,0.3,0.3,0.3,0.3,0.3,0,0.3,0.3,0.3,0.3,0.3,0.3,0.3,0.3,0.3,0.3,0.3,0.3,0.3,0.3,0.3,0.3,0.3,0.3,0.3,0.3,3.1064302856191017,0.3,0.3,0.3,0.3,0.3,0.3,0.3,0.3,0.3,17.843733914738152,0.3,13.317653974469346,0.3,4.506488034325027,0.3,0.3,0.3,0.3,0.3,0.3,0.3,0.3,0.3,0.3,0.3,0.3,0.3,0.3,0.3,0.3,0.3,0.3,0.3,0.3,0.3,0.3,0.3,0.3,0.3,0.3,0.3,0.3,0.3,0.3,39.8156468297344,0.3,0.3,0.3,0.3,0.3,0.3,0.3,0.3,0.3,0.3,0.3,0.3,0.3,0.3,0.3
0377GFP-S3-07_0001.nd2_(RGB).png,72.81100853451997,0.3,72.78501185109448,0.3,0.3,0.3,0.3,0.3,0.3,0.3,0.3,0.3,0.3,17.995486991305928,0.3,0.3,0.3,0.3,0.3,0.3,105.37882629981584,0.3,0.3,0.3,0.3,0.3,0.3,0.3,0.3,0.3,37.17378580441554,0.3,13.361666419413964,36.10017051416579,0.3,0.3,0.3,0.3,0.3,0.3,0.3,0.3,0.3,0.3,77.65750928209053,122.58927943367271,0.3,0.3,0.3,99.07338689248364,0.3,0.3,0.3,0.3,0.3,0.3,0.3,0.3,0.3,117.2761710881584,0.3,0.3,0.3,0.3,0.3,0.3,0.3,0.3,185.8980552155583,0.3,0.3,0.3,0.3,0.3,0.3,0.3,0.3,0.3,0,0.3,0.3,0.3,0.3,0.3,0.3,0.3,0.3,0.3,0.3,0.3,0.3,0.3,0.3,0.3,864.3395708758353,0.3,0.3,0.3,0.3,17.13858171371461,0.3,0.3,76.87188946556319,105.69871022551746,0.3,0.3,0.3,0.3,0.3,51.17682835274064,0.3,16.572067468086683,0.3,29.74541624027519,0.3,0.3,0.3,0.3,0.3,0.3,0.3,0.3,0.3,0.3,0.3,0.3,359.9480478581123,0.3,0.3,0.3,0.3,0.3,0.3,0.3,0.3,0.3,0.3,0.3,0.3,0.3,0.3,0.3,0.3,0.3,59.5734702446016,0.3,0.3,0.3,0.3,0.3,0.3,0.3,0.3,0.3,0.3,0.3,0.3,0.3,0.3,0.3
0377GFP-S4-06_0001.nd2_(RGB).png,0.3,0.3,0.3,0.3,0.3,0.3,0.3,0.3,0.3,0.3,0.3,0.3,13.92617694926762,0.3,18.008805076333157,0.3,58.108005930318754,0.3,0.3,80.41302550254521,0.3,49.43420342034203,0.3,0.3,0.3,0.3,0.3,0.3,29.82910819963,0.3,3.987378580441555,0.3,0.3,0.3,0.3,0.3,0.3,0.3,0.3,0.3,0.3,0.3,0.3,0.3,155.01501856418108,30.872319858418184,0.3,0.3,174.83360522080793,0.3,0.3,0.3,0.3,0.3,0.3,0.3,0.3,0.3,14.38492532846188,0.3,0.3,0.3,0.3,0.3,0.3,0.3,0.3,0.3,0.3,0.3,0.3,0.3,0.3,0.3,0.3,0.3,0.3,0.3,0,0.3,0.3,0.3,0.3,0.3,0.3,0.3,0.3,0.3,0.3,0.3,0.3,0.3,0.3,0.3,0.3,0.3,0.3,0.3,0.3,0.3,0.3,0.3,0.3,0.3,0.3,0.3,0.3,0.3,0.3,0.3,0.3,13.317653974469346,0.3,0.3,0.3,0.3,0.3,0.3,0.3,0.3,0.3,0.3,0.3,0.3,0.3,0.3,0.3,0.3,0.3,0.3,0.3,0.3,0.3,0.3,0.3,0.3,0.3,0.3,0.3,0.3,0.3,0.3,0.3,0.3,0.3,0.3,0.3,0.3,0.3,0.3,0.3,0.3,0.3,0.3,0.3,0.3,0.3,0.3,0.3,0.3
0377GFP-S1-3_0001.nd2_(RGB).png,0.3,0.3,0.3,0.3,0.3,0.3,0.3,0.3,0.3,0.3,0.3,0.3,0.3,0.3,0.3,0.3,101.46401037805782,0.3,0.3,34.63415378680509,0.3,0.3,0.3,0.3,0.3,0.3,0.3,0.3,0.3,0.3,0.3,0.3,0.3,0.3,0.3,0.3,0.3,0.3,0.3,0.3,0.3,0.3,0.3,0.3,0.3,0.3,0.3,0.3,0.3,0.3,0.3,0.3,0.3,0.3,0.3,0.3,0.3,0.3,0.3,0.3,0.3,0.3,0.3,0.3,0.3,0.3,0.3,0.3,0.3,0.3,0.3,0.3,0.3,0.3,0.3,0.3,0.3,0.3,0,0.3,0.3,0.3,0.3,0.3,0.3,0.3,0.3,0.3,0.3,0.3,0.3,0.3,0.3,0.3,0.3,0.3,0.3,0.3,131.88620855898566,0.3,0.3,0.3,0.3,0.3,0.3,0.3,0.3,0.3,0.3,0.3,0.3,6.8088269872346725,0.3,0.3,0.3,0.3,0.3,0.3,0.3,0.3,0.3,0.3,0.3,0.3,0.3,0.3,0.3,0.3,0.3,0.3,0.3,0.3,0.3,0.3,0.3,0.3,0.3,0.3,0.3,0.3,0.3,0.3,0.3,0.3,0.3,0.3,0.3,0.3,0.3,0.3,0.3,0.3,0.3,0.3,0.3,0.3,0.3,0.3,0.3,0.3
0377GFP-S3-04_0001.nd2_(RGB).png,36.555504267259984,61.192277488371055,163.3912766649626,0.3,0.3,0.3,0.3,0.3,0.3,0.3,0.3,0.3,0.3,0.3,0.3,0.3,0.3,0.3,0.3,0.3,70.3525508665439,0.3,108.93807938013704,56.4772418165053,19.90835799879307,0.3,0.3,0.3,0.3,0.3,121.9834931545713,535.6086540818827,39.484999258241885,71.90034102833158,0.3,0.3,0.3,0.3,0.3,0.3,0.3,0.3,0.3,0.3,0.3,168.44775922130003,0.3,86.43008583329826,0.3,0.3,0.3,0.3,0.3,0.3,63.51457108557444,42.36462102764848,0.3,0.3,0.3,0.3,0.3,0.3,0.3,0.3,0.3,830.8846551789721,266.6353825136612,0.3,0.3,0.3,936.7916795333676,0.3,0.3,0.3,0.3,452.3379264657171,0.3,0.3,0,0.3,0.3,0.3,0.3,0.3,0.3,0.3,0.3,0.3,0.3,0.3,0.3,0.3,0.3,0.3,96.3043967639817,0.3,0.3,0.3,0.3,8.719290856857306,0.3,0.3,0.3,0.3,0.3,0.3,0.3,0.3,0.3,47.668081569793,44.97357226926642,3.554413493617336,0.3,76.01678461785049,365.5145697136522,15.345089987046276,0.3,0.3,0.3,0.3,92.35568390697988,48.94295770882714,0.3,1991.1132749817648,420.0986680406663,0.3,36.26480478581123,0.3,0.3,0.3,53.406947241436335,0.3,0.3,0.3,0.3,0.3,0.3,0.3,0.3,0.3,0.3,0.3,0.3,0.3,454.72993854194567,0.3,0.3,0.3,0.3,0.3,0.3,0.3,0.3,0.3,0.3,0.3,0.3,0.3,0.3,0.3
0377GFP-S4-05_0001.nd2_(RGB).png,0.3,0.3,0.3,0.3,0.3,0.3,0.3,0.3,0.3,0.3,0.3,0.3,54.80470779707048,0.3,0.3,0.3,0.3,0.3,0.3,23.189435857870063,0.3,74.00130513051305,0.3,0.3,0.3,0.3,0.3,0.3,0.3,0.3,26.111650063090885,0.3,0.3,0.3,0.3,0.3,0.3,0.3,0.3,0.3,0.3,0.3,0.3,0.3,0.3,0.3,0.3,0.3,0.3,0.3,0.3,0.3,0.3,0.3,0.3,0.3,0.3,0.3,14.38492532846188,0.3,0.3,0.3,0.3,0.3,0.3,0.3,0.3,0.3,0.3,0.3,0.3,0.3,0.3,0.3,0.3,0.3,0.3,0.3,0,0.3,0.3,0.3,0.3,0.3,0.3,0.3,0.3,0.3,0.3,0.3,0.3,0.3,0.3,0.3,0.3,0.3,0.3,0.3,0.3,0.3,0.3,0.3,0.3,0.3,0.3,0.3,0.3,0.3,0.3,47.668081569793,0.3,29.589721442556023,0.3,0.3,0.3,0.3,0.3,0.3,0.3,0.3,0.3,0.3,0.3,0.3,0.3,0.3,0.3,0.3,0.3,0.3,0.3,0.3,0.3,0.3,0.3,0.3,0.3,0.3,0.3,0.3,0.3,0.3,0.3,0.3,0.3,0.3,0.3,0.3,0.3,0.3,0.3,0.3,0.3,0.3,0.3,0.3,0.3,0.3,0.3,0.3
0377GFP-S4-08_0001.nd2_(RGB).png,0.3,0.3,0.3,0.3,0.3,0.3,0.3,0.3,0.3,0.3,0.3,0.3,54.80470779707048,0.3,18.008805076333157,0.3,0.3,0.3,0.3,57.52358964467516,0.3,147.7026102610261,0.3,0.3,0.3,0.3,0.3,0.3,0.3,0.3,48.23592154574021,0.3,0.3,0.3,0.3,0.3,0.3,0.3,0.3,0.3,0.3,0.3,0.3,0.3,0.3,0.3,0.3,0.3,0.3,0.3,0.3,0.3,0.3,0.3,0.3,0.3,0.3,0.3,0.3,0.3,0.3,0.3,0.3,0.3,0.3,0.3,0.3,0.3,0.3,0.3,0.3,0.3,0.3,0.3,0.3,0.3,0.3,0.3,0,0.3,0.3,0.3,0.3,0.3,0.3,0.3,0.3,0.3,0.3,0.3,0.3,0.3,0.3,0.3,0.3,0.3,0.3,0.3,0.3,0.3,0.3,0.3,0.3,0.3,0.3,0.3,0.3,0.3,0.3,0.3,0.3,42.60737541702537,0.3,0.3,0.3,0.3,0.3,0.3,0.3,0.3,0.3,0.3,0.3,0.3,0.3,0.3,0.3,0.3,0.3,0.3,0.3,0.3,0.3,0.3,0.3,0.3,0.3,0.3,0.3,0.3,0.3,0.3,0.3,0.3,0.3,0.3,0.3,0.3,0.3,0.3,0.3,0.3,0.3,0.3,0.3,0.3,0.3,0.3,0.3,0.3
0377GFP-S2-03_0001.nd2_(RGB).png,0.3,0.3,0.3,0.3,0.3,216.05897709531436,0.3,0.3,0.3,0.3,0.3,0.3,0.3,0.3,0.3,0.3,0.3,252.14821222606693,27.7586646948456,0.3,0.3,0.3,36.51269312671235,90.18358690640848,10.104178999396536,365.24947661980445,54.27814693958271,50.12484483388097,0.3,0.3,37.17378580441554,0.3,196.22499629120944,107.70051154249737,0.3,3.3,0.3,6.98591634168806,0.3,0.3,0.3,0.3,0.3,0.3,0.3,153.16159929209093,407.0667660208644,29.010028611099425,0.3,0.3,0.3,0.3,0.3,0.3,211.01523695191483,399.9138997626607,0.3,0.3,0.3,0.3,0.3,837.1557412233634,0.3,0.3,0.3,0.3,0.3,0.3,0.3,0.3,0.3,0.3,0.3,0.3,0.3,0.3,149.2443383356071,0.3,0,0.3,0.3,0.3,0.3,0.3,355.5525055316934,0.3,0.3,0.3,0.3,0.3,0.3,0.3,0.3,0.3,192.30879352796345,179.84692343746147,453.9155891640352,4.037891999304299,0.3,286.5558891331484,391.4797163762541,0.3,0.3,0.3,0.3,0.3,0.3,0.3,2171.7123444785752,10.82624034884289,44.97357226926642,0.3,0.3,40.26163632608775,0.3,60.4803599481851,0.3,0.3,0.3,0.3,138.38352586046983,0.3,0.3,0.3,0.3,0.3,72.22960957162246,0.3,87.40403701930748,0.3,26.85347362071817,0.3,0.3,0.3,0.3,796.2769612131816,0.3,0.3,0.3,0.3,0.3,2454.249202067881,0.3,968.8610361958836,0.3,0.3,0.3,0.3,0.3,0.3,0.3,0.3,0.3,0.3,0.3,0.3,0.3,0.3,0.3,0.3
0377GFP-S5-02_0001.nd2_(RGB).png,0.3,0.3,0.3,0.3,113.00382987509032,54.23974427382858,0.3,6.329648922821342,0.3,0.3,0.3,0.3,0.3,0.3,0.3,0.3,0.3,294.12291426374475,68.946661737114,0.3,0.3,0.3,18.406346563356177,0.3,10.104178999396536,121.9498255399348,54.27814693958271,124.86211208470245,0.3,0.3,15.04951432176622,0.3,39.484999258241885,107.70051154249737,0.3,5.3,0.3,27.04366536675224,0.3,0.3,0.3,0.3,0.3,0.3,0.3,61.44463971683636,0.3,29.010028611099425,0.3,0.3,0.3,0.3,0.3,0.3,0.3,0.3,0.3,0.3,0.3,0.3,0.3,0.3,0.3,0.3,0.3,0.3,0.3,0.3,0.3,0.3,0.3,0.3,0.3,0.3,0.3,0.3,0.3,0.3,0,0.3,0.3,0.3,0.3,0.3,71.35050110633867,0.3,0.3,0.3,0.3,0.3,0.3,0.3,0.3,0.3,0.3,0.3,0.3,15.251567997217196,0.3,36.78359371304832,20.888406125066,0.3,0.3,0.3,16.320890395128703,0.3,0.3,0.3,0.3,0.3,8.42246768532117,0.3,0.3,0.3,0.3,0.3,0.3,0.3,0.3,0.3,0.3,0.3,0.3,0.3,0.3,0.3,0.3,0.3,0.3,0.3,0.3,0.3,0.3,0.3,0.3,0.3,0.3,0.3,0.3,0.3,0.3,0.3,0.3,0.3,0.3,0.3,0.3,0.3,0.3,683.8474580515903,0.3,0.3,0.3,0.3,0.3,0.3,0.3,0.3,0.3,0.3
0377GFP-S4-03_0001.nd2_(RGB).png,0.3,0.3,0.3,0.3,0.3,0.3,0.3,0.3,0.3,0.3,0.3,0.3,13.92617694926762,17.995486991305928,0.3,0.3,0.3,0.3,0.3,46.07887171574012,0.3,49.43420342034203,0.3,0.3,0.3,0.3,0.3,0.3,0.3,0.3,7.67475716088311,0.3,0.3,0.3,0.3,0.3,0.3,0.3,0.3,0.3,0.3,0.3,0.3,0.3,77.65750928209053,76.73079964604545,0.3,0.3,87.56680261040395,0.3,0.3,0.3,0.3,0.3,0.3,0.3,0.3,0.3,28.46985065692376,0.3,0.3,0.3,0.3,0.3,0.3,0.3,0.3,0.3,0.3,0.3,0.3,0.3,0.3,0.3,0.3,0.3,0.3,0.3,0,0.3,0.3,0.3,0.3,0.3,0.3,0.3,0.3,0.3,0.3,0.3,0.3,0.3,0.3,0.3,0.3,0.3,0.3,0.3,0.3,0.3,0.3,0.3,0.3,0.3,0.3,0.3,0.3,0.3,0.3,16.089360523264336,0.3,16.572067468086683,0.3,0.3,0.3,0.3,0.3,0.3,0.3,0.3,0.3,0.3,0.3,0.3,0.3,0.3,0.3,0.3,0.3,0.3,0.3,0.3,0.3,0.3,0.3,0.3,0.3,0.3,0.3,0.3,0.3,0.3,0.3,0.3,0.3,0.3,0.3,0.3,0.3,0.3,0.3,0.3,0.3,0.3,0.3,0.3,0.3,0.3,0.3,0.3
0377GFP-S3-02_0001.nd2_(RGB).png,18.427752133629998,0.3,127.14877073941534,0.3,0.3,0.3,0.3,0.3,0.3,0.3,0.3,0.3,0.3,0.3,0.3,0.3,0.3,0.3,0.3,0.3,35.326275433271945,0.3,0.3,0.3,0.3,0.3,0.3,0.3,0.3,0.3,62.98543586750643,0.3,13.361666419413964,0.3,0.3,0.3,0.3,0.3,0.3,0.3,0.3,0.3,0.3,0.3,77.65750928209053,46.15847978762727,0.3,0.3,0.3,0.3,0.3,0.3,0.3,0.3,21.37152369519148,0.3,0.3,0.3,0.3,0.3,0.3,0.3,0.3,0.3,0.3,0.3,0.3,0.3,0.3,0.3,0.3,0.3,0.3,0.3,0.3,0.3,0.3,0.3,0,0.3,0.3,0.3,0.3,0.3,0.3,0.3,0.3,0.3,0.3,0.3,0.3,0.3,0.3,0.3,0.3,0.3,0.3,0.3,0.3,5.912860571238204,0.3,0.3,76.87188946556319,0.3,0.3,0.3,0.3,0.3,0.3,23.1068540891596,0.3,10.06324048085201,0.3,44.46812436041278,0.3,0.3,0.3,0.3,0.3,0.3,0.3,0.3,0.3,0.3,0.3,0.3,0.3,0.3,0.3,0.3,0.3,0.3,0.3,0.3,0.3,0.3,0.3,0.3,0.3,0.3,0.3,0.3,0.3,0.3,197.878234148672,0.3,0.3,0.3,0.3,0.3,0.3,0.3,0.3,0.3,0.3,0.3,0.3,0.3,0.3,0.3
0377GFP-S5-04_0001.nd2_(RGB).png,0.3,0.3,0.3,418.4500868144214,282.05957468772584,0.3,278.6012783746925,157.0708719933549,0.3,41.12329978013431,0.3,0.3,0.3,0.3,0.3,0.3,0.3,0.3,110.1346587793824,0.3,0.3,0.3,18.406346563356177,34.00634508990318,29.71253699818961,0.3,108.25629387916544,124.86211208470245,0.3,0.3,0.3,0.3,91.73166493589774,0.3,183.2605174956429,14.3,0.3,67.15916341688059,0.3,0.3,0.3,0.3,40.847058954608585,33.110475194441435,0.3,0.3,0.3,0.3,0.3,0.3,0.3,0.3,0.3,0.3,0.3,0.3,0.3,0.3,0.3,0.3,0.3,0.3,694.4518311291963,122.20558074097232,0.3,0.3,0.3,0.3,0.3,0.3,0.3,0.3,0.3,0.3,0.3,0.3,0.3,0.3,0,0.3,0.3,0.3,0.3,0.3,0.3,100.0407272062854,108.5173938901334,0.3,0.3,0.3,0.3,0.3,0.3,0.3,0.3,0.3,0.3,37.67891999304299,0.3,0.3,0.3,0.3,0.3,0.3,88.41489717320788,0.3,0.3,0.3,0.3,0.3,28.72863689862409,0.3,0.3,12.919464102975082,0.3,0.3,0.3,0.3,0.3,415.4502015362385,0.3,0.3,0.3,0.3,0.3,0.3,0.3,0.3,0.3,0.3,53.406947241436335,0.3,60.28362727322675,0.3,0.3,0.3,0.3,0.3,0.3,0.3,0.3,0.3,0.3,0.3,0.3,0.3,0.3,0.3,0.3,0.3,0.3,0.3,0.3,0.3,0.3,0.3,0.3,0.3,0.3,0.3
0377GFP-S2-08_0001.nd2_(RGB).png,0.3,0.3,0.3,0.3,0.3,54.23974427382858,0.3,0.3,0.3,0.3,0.3,0.3,0.3,0.3,0.3,0.3,0.3,42.27470203767781,14.0293323474228,0.3,0.3,0.3,54.619039690068526,11.53544836330106,0.3,52.43563951711492,54.27814693958271,50.12484483388097,0.3,0.3,26.111650063090885,0.3,0.3,36.10017051416579,0.3,3.3,0.3,20.35774902506418,0.3,0.3,0.3,0.3,0.3,0.3,0.3,76.73079964604545,0.3,29.010028611099425,0.3,0.3,0.3,0.3,0.3,0.3,0.3,0.3,0.3,0.3,0.3,0.3,0.3,209.51393530584087,0.3,0.3,0.3,0.3,0.3,0.3,0.3,0.3,0.3,0.3,0.3,0.3,0.3,0.3,0.3,0.3,0,0.3,0.3,0.3,0.3,0.3,47.66700073755912,0.3,0.3,0.3,0.3,0.3,0.3,0.3,0.3,0.3,0.3,67.63009628904804,0.3,11.513675997912898,0.3,73.26718742609664,82.653624500264,0.3,0.3,0.3,0.3,0.3,0.3,0.3,120.93401913769864,7.31749356589526,12.483701527981752,0.3,0.3,4.506488034325027,0.3,0.3,0.3,0.3,0.3,0.3,0.3,0.3,0.3,0.3,0.3,0.3,0.3,0.3,0.3,0.3,0.3,0.3,0.3,0.3,0.3,0.3,0.3,0.3,0.3,0.3,0.3,613.78730051697,0.3,0.3,0.3,0.3,0.3,0.3,0.3,0.3,0.3,0.3,0.3,0.3,0.3,0.3,0.3,0.3,0.3,0.3
0377GFP-S2-05_0001.nd2_(RGB).png,54.68325640088998,0.3,90.90626481386808,0.3,0.3,0.3,0.3,0.3,0.3,0.3,0.3,0.3,13.92617694926762,53.38646097391777,0.3,0.3,0.3,0.3,0.3,0.3,245.4839280329037,0.3,0.3,0.3,0.3,0.3,0.3,0.3,0.3,0.3,103.54660025236352,134.1271635204707,0.3,0.3,0.3,0.3,0.3,0.3,0.3,0.3,0.3,0.3,0.3,0.3,155.01501856418108,137.87543936288185,0.3,115.1401144443977,0.3,0.3,0.3,0.3,0.3,0.3,10.83576184759574,0.3,0.3,0.3,0.3,234.25234217631683,0.3,0.3,0.3,0.3,0.3,207.94616379474303,266.6353825136612,0.3,0.3,0.3,0.3,0.3,0.3,0.3,0.3,226.31896323285852,0.3,0.3,0,0.3,0.3,0.3,0.3,0.3,0.3,0.3,0.3,0.3,0.3,0.3,0.3,0.3,0.3,0.3,96.3043967639817,0.3,0.3,0.3,0.3,3.1064302856191017,0.3,0.3,0.3,0.3,0.3,0.3,0.3,0.3,0.3,56.43994852716208,0.3,23.080894455321356,0.3,52.88110042906284,0.3,0.3,0.3,0.3,0.3,0.3,0.3,0.3,0.3,0.3,0.3,0.3,36.26480478581123,0.3,0.3,0.3,0.3,0.3,0.3,0.3,0.3,0.3,0.3,0.3,0.3,0.3,0.3,0.3,0.3,0.3,395.456468297344,0.3,0.3,0.3,0.3,0.3,0.3,0.3,0.3,0.3,0.3,0.3,0.3,0.3,0.3,0.3
0377GFP-S1-6_0001.nd2_(RGB).png,0.3,0.3,0.3,0.3,0.3,0.3,0.3,0.3,0.3,0.3,0.3,0.3,0.3,0.3,0.3,0.3,0.3,0.3,0.3,0.3,0.3,0.3,0.3,0.3,0.3,0.3,0.3,0.3,0.3,0.3,0.3,0.3,0.3,0.3,0.3,0.3,0.3,0.3,0.3,0.3,0.3,0.3,0.3,0.3,0.3,0.3,0.3,0.3,0.3,0.3,0.3,0.3,0.3,0.3,0.3,0.3,0.3,0.3,0.3,0.3,0.3,0.3,0.3,0.3,0.3,4672.338685381718,6392.349180327869,1423.8314859747386,185.8980552155583,1708.2502705488275,468.5458397666839,0.3,0.3,0.3,0.3,0.3,0.3,0.3,0,0.3,0.3,0.3,0.3,0.3,71.35050110633867,0.3,0.3,0.3,0.3,0.3,0.3,0.3,0.3,0.3,0.3,0.3,0.3,0.3,0.3,11.525721142476408,20.888406125066,0.3,0.3,0.3,0.3,0.3,0.3,0.3,0.3,0.3,0.3,0.3,0.3,728.0224299382296,1826.372848568261,15.345089987046276,0.3,0.3,0.3,0.3,1657.302310325638,48.94295770882714,0.3,2986.519912472648,504.0584016487996,242.48322981366465,647.6664861446021,0.3,0.3,0.3,292.38820982789986,1707.7788864560523,0.3,0.3,0.3,0.3,0.3,0.3,0.3,0.3,0.3,0.3,0.3,0.3,3062.7626293044164,0.3,0.3,0.3,0.3,0.3,0.3,0.3,0.3,0.3,0.3,0.3,0.3,0.3,0.3,0.3
0377GFP-S1-8_0001.nd2_(RGB).png,0.3,0.3,0.3,0.3,0.3,0.3,0.3,0.3,0.3,0.3,0.3,0.3,41.17853084780286,0.3,141.97044061066526,0.3,217.08002223869536,0.3,0.3,57.52358964467516,0.3,98.56840684068406,0.3,0.3,0.3,0.3,0.3,0.3,29.82910819963,0.3,0.3,0.3,0.3,0.3,0.3,0.3,0.3,0.3,0.3,0.3,0.3,0.3,0.3,0.3,0.3,0.3,0.3,0.3,0.3,0.3,0.3,0.3,0.3,0.3,0.3,0.3,0.3,0.3,0.3,0.3,0.3,0.3,0.3,0.3,0.3,0.3,0.3,0.3,0.3,0.3,0.3,0.3,0.3,0.3,0.3,0.3,0.3,0.3,0,0.3,0.3,0.3,0.3,0.3,0.3,0.3,0.3,0.3,0.3,0.3,0.3,0.3,0.3,0.3,0.3,0.3,0.3,0.3,44.16206951966189,0.3,0.3,0.3,0.3,0.3,0.3,0.3,0.3,0.3,0.3,0.3,0.3,52.37061589787738,0.3,0.3,0.3,0.3,0.3,0.3,0.3,0.3,0.3,0.3,0.3,0.3,0.3,0.3,0.3,0.3,0.3,0.3,0.3,0.3,0.3,0.3,0.3,0.3,0.3,0.3,0.3,0.3,0.3,0.3,0.3,0.3,0.3,0.3,0.3,0.3,0.3,0.3,0.3,0.3,0.3,0.3,0.3,0.3,0.3,0.3,0.3,0.3
0377GFP-S1-5_0001.nd2_(RGB).png,0.3,0.3,0.3,0.3,0.3,0.3,0.3,0.3,0.3,0.3,0.3,0.3,82.05706169560573,0.3,124.26163553433209,0.3,130.36801334321723,0.3,0.3,137.6366151472204,0.3,147.7026102610261,0.3,0.3,0.3,0.3,0.3,0.3,147.94554099815,0.3,0.3,0.3,0.3,0.3,0.3,0.3,0.3,0.3,0.3,0.3,0.3,0.3,0.3,0.3,0.3,0.3,0.3,0.3,0.3,0.3,0.3,0.3,0.3,0.3,0.3,0.3,0.3,0.3,0.3,0.3,0.3,0.3,0.3,0.3,0.3,0.3,0.3,0.3,0.3,0.3,0.3,0.3,0.3,0.3,0.3,0.3,0.3,0.3,0,0.3,0.3,0.3,0.3,0.3,0.3,0.3,0.3,0.3,0.3,0.3,0.3,0.3,0.3,0.3,0.3,0.3,0.3,0.3,131.88620855898566,0.3,0.3,0.3,0.3,0.3,0.3,0.3,0.3,0.3,0.3,0.3,0.3,104.44123179575476,0.3,0.3,0.3,0.3,0.3,0.3,0.3,0.3,0.3,0.3,0.3,0.3,0.3,0.3,0.3,0.3,0.3,0.3,0.3,0.3,0.3,0.3,0.3,0.3,0.3,0.3,0.3,0.3,0.3,0.3,0.3,0.3,0.3,0.3,0.3,0.3,0.3,0.3,0.3,0.3,0.3,0.3,0.3,0.3,0.3,0.3,0.3,0.3
0377GFP-S4-10_0001.nd2_(RGB).png,0.3,0.3,0.3,0.3,0.3,0.3,0.3,0.3,0.3,0.3,0.3,0.3,95.68323864487334,53.38646097391777,0.3,0.3,0.3,0.3,0.3,23.189435857870063,17.813137716635975,49.43420342034203,0.3,0.3,0.3,0.3,0.3,0.3,0.3,0.3,37.17378580441554,0.3,0.3,0.3,0.3,0.3,0.3,0.3,0.3,0.3,0.3,0.3,0.3,0.3,309.73003712836214,30.872319858418184,0.3,0.3,39.08524560462398,0.3,0.3,0.3,0.3,0.3,0.3,0.3,0.3,0.3,70.72462664230939,0.3,58.02853214890016,0.3,0.3,0.3,0.3,0.3,0.3,0.3,0.3,0.3,0.3,0.3,0.3,0.3,0.3,0.3,0.3,0.3,0,0.3,0.3,0.3,0.3,0.3,0.3,0.3,0.3,0.3,0.3,0.3,0.3,0.3,0.3,0.3,0.3,0.3,0.3,0.3,0.3,3.1064302856191017,0.3,0.3,0.3,0.3,0.3,0.3,0.3,0.3,0.3,68.72056226747878,0.3,16.572067468086683,0.3,0.3,0.3,0.3,0.3,0.3,0.3,0.3,0.3,0.3,0.3,0.3,0.3,0.3,0.3,0.3,0.3,0.3,0.3,0.3,0.3,0.3,0.3,0.3,0.3,0.3,0.3,0.3,0.3,0.3,0.3,0.3,0.3,0.3,0.3,0.3,0.3,0.3,0.3,0.3,0.3,0.3,0.3,0.3,0.3,0.3,0.3,0.3
0377GFP-S5-07_0001.nd2_(RGB).png,0.3,0.3,0.3,69.9916811357369,56.651914937545165,0.3,0.3,54.56684030539208,0.3,0.3,0.3,0.3,0.3,0.3,0.3,0.3,0.3,210.17351018838912,41.4879970422684,0.3,0.3,0.3,18.406346563356177,45.24179345320424,49.32089499698267,87.19273252852486,0.3,50.12484483388097,0.3,0.3,26.111650063090885,0.3,13.361666419413964,0.3,61.28683916521428,4.3,0.3,0.3,0.3,0.3,0.3,0.3,0.3,0.3,0.3,0.3,0.3,0.3,0.3,0.3,0.3,0.3,0.3,0.3,0.3,0.3,0.3,0.3,0.3,0.3,0.3,209.51393530584087,0.3,0.3,0.3,0.3,0.3,0.3,0.3,0.3,0.3,0.3,0.3,0.3,0.3,0.3,0.3,0.3,0,0.3,0.3,0.3,0.3,0.3,23.98350036877956,199.7814544125708,0.3,0.3,0.3,0.3,0.3,0.3,0.3,0.3,0.3,0.3,0.3,0.3,0.3,53.62217542676293,0.3,0.3,0.3,0.3,54.37050508355937,0.3,0.3,0.3,241.56803827539727,0.3,36.85110458394525,0.3,0.3,12.919464102975082,0.3,0.3,59.34480162679012,35.722436504743484,0.3,207.87510076811927,0.3,0.3,0.3,0.3,0.3,0.3,0.3,0.3,0.3,0.3,0.3,0.3,30.291813636613377,0.3,0.3,0.3,205.8429625724829,0.3,0.3,0.3,0.3,0.3,317.7834244503897,0.3,0.3,67.14311708667009,0.3,0.3,0.3,683.8474580515903,0.3,0.3,0.3,0.3,0.3,0.3,0.3,0.3,0.3,0.3
0377GFP-S2-06_0001.nd2_(RGB).png,0.3,30.74613874418553,0.3,0.3,0.3,0.3,0.3,0.3,0.3,0.3,0.3,0.3,0.3,0.3,0.3,0.3,0.3,0.3,110.1346587793824,0.3,35.326275433271945,0.3,18.406346563356177,34.00634508990318,19.90835799879307,104.57127903422985,108.25629387916544,25.212422416940488,0.3,0.3,26.111650063090885,0.3,52.54666567765585,0.3,0.3,7.3,0.3,33.72958170844029,0.3,0.3,0.3,0.3,0.3,0.3,0.3,46.15847978762727,457.91261177347246,115.1401144443977,0.3,0.3,0.3,0.3,0.3,0.3,147.80066586634038,210.6231051382425,0.3,0.3,0.3,0.3,0.3,0.3,0.3,0.3,0.3,0.3,0.3,31.246336651624755,0.3,201.2353259469209,0.3,179.18353650543978,0.3,0.3,0.3,0.3,0.3,0.3,0,0.3,0.3,0.3,77.9082629588558,81.77477611940297,0.3,0.3,0.3,0.3,0.3,0.3,0.3,0.3,0.3,0.3,0.3,561.384135742067,113.7038972910088,18.989459996521497,0.3,39.59002399866742,103.24203062533002,0.3,0.3,0.3,0.3,0.3,0.3,0.3,0.3,21.35248069768578,24.667403055963504,0.3,0.3,36.05514829176273,0.3,0.3,0.3,212.8346190284609,68.41592213626154,0.3,184.4113678139598,0.3,0.3,0.3,0.3,0.3,72.22960957162246,0.3,0.3,0.3,79.9604208621545,512.5436659368157,0.3,0.3,0.3,0.3,0.3,0.3,0.3,0.3,0.3,0.3,0.3,0.3,0.3,0.3,0.3,0.3,0.3,0.3,0.3,0.3,0.3,0.3,0.3,0.3,0.3,0.3,0.3,0.3
0377GFP-S3-01_0001.nd2_(RGB).png,18.427752133629998,0.3,18.42125296277362,0.3,0.3,0.3,0.3,0.3,0.3,0.3,0.3,0.3,41.17853084780286,0.3,0.3,0.3,0.3,0.3,0.3,0.3,105.37882629981584,0.3,0.3,0.3,0.3,0.3,0.3,0.3,0.3,0.3,51.923300126181765,0.3,0.3,0.3,0.3,0.3,0.3,0.3,0.3,0.3,0.3,0.3,0.3,0.3,232.3725278462716,46.15847978762727,0.3,0.3,0.3,0.3,0.3,22.972678035935303,0.3,0.3,0.3,0.3,0.3,0.3,42.55477598538563,0.3,0.3,0.3,0.3,0.3,0.3,0.3,0.3,0.3,0.3,0.3,0.3,0.3,0.3,0.3,0.3,0.3,0.3,0.3,0,0.3,442.4521140450349,0.3,0.3,0.3,0.3,0.3,0.3,0.3,0.3,0.3,0.3,0.3,0.3,0.3,0.3,0.3,0.3,0.3,0.3,3.1064302856191017,0.3,14.276378355958157,0.3,0.3,0.3,0.3,0.3,0.3,0.3,91.52741635663838,0.3,26.33530794893869,0.3,0.3,0.3,0.3,0.3,0.3,0.3,0.3,0.3,0.3,0.3,0.3,0.3,0.3,0.3,0.3,0.3,0.3,0.3,0.3,0.3,0.3,0.3,0.3,0.3,0.3,0.3,0.3,0.3,0.3,0.3,0.3,0.3,0.3,0.3,0.3,0.3,0.3,0.3,0.3,0.3,0.3,0.3,0.3,0.3,0.3,0.3,0.3
